Meter Consumption ID,Start Date,End Date,Usage/Quantity,Cost ($),Meter Name
1457394726,7/1/2009,7/31/2009,58233,3661.37,EL1
1457394727,8/1/2009,8/31/2009,282323,17949.02,EL1
1457394728,9/1/2009,9/30/2009,405601,23876.63,EL1
1457394729,10/1/2009,10/31/2009,387746,21179.26,EL1
1457394730,11/1/2009,11/30/2009,769449,38578.81,EL1
1457394731,12/1/2009,12/31/2009,109448,7305.06,EL1
1457394732,1/1/2010,1/31/2010,79997,4709.21,EL1
1457394733,2/1/2010,2/28/2010,295623,23907.27,EL1
1457394734,3/1/2010,3/31/2010,345094,19442.98,EL1
1457394735,4/1/2010,4/30/2010,433231,23955.68,EL1
1457394736,5/1/2010,5/31/2010,970260,62157.9,EL1
1457394737,6/1/2010,6/30/2010,199158,16536.32,EL1
1457394738,7/1/2010,7/31/2010,380602,54270.43,EL1
1457394739,8/1/2010,8/31/2010,528283,58136.17,EL1
1457394740,9/1/2010,9/30/2010,544528,49559.85,EL1
1457394741,10/1/2010,10/31/2010,794620,42214.71,EL1
1457394742,11/1/2010,11/30/2010,299902,16811.03,EL1
1457394743,12/1/2010,12/31/2010,95141,9588.39,EL1
1457394745,1/1/2011,1/31/2011,358548,30724.91,EL1
1457394746,2/1/2011,2/28/2011,214225,12900.8,EL1
1457394747,3/1/2011,3/31/2011,82480,5278.65,EL1
1457394748,4/1/2011,4/30/2011,384913,27104.15,EL1
1457394749,5/1/2011,5/31/2011,1116345,69905.52,EL1
1457394750,6/1/2011,6/30/2011,157495,19703.75,EL1
1457394751,7/1/2011,7/31/2011,417574,45482.16,EL1
1457394752,8/1/2011,8/31/2011,268993,20523.07,EL1
1457394753,9/1/2011,9/30/2011,944186,57897.23,EL1
1457394754,10/1/2011,10/31/2011,368945,19840.84,EL1
1457394755,11/1/2011,11/30/2011,537407,28729.68,EL1
1457394756,12/1/2011,12/31/2011,62353,2953.12,EL1
1457394757,1/1/2012,1/31/2012,551000,29049.99,EL1
1457394758,2/1/2012,2/29/2012,68599,2659.04,EL1
1457394759,3/1/2012,3/31/2012,118915,5566.9,EL1
1457394760,4/1/2012,4/30/2012,167247,5932.46,EL1
1457394761,5/1/2012,5/31/2012,1584146,75376.04,EL1
1457394762,6/1/2012,6/30/2012,333170,16933.41,EL1
1457394763,7/1/2012,7/31/2012,492453,41444.41,EL1
1457394764,8/1/2012,8/31/2012,386953,22562.73,EL1
1457394765,9/1/2012,9/30/2012,637070,36741.18,EL1
1457394766,10/1/2012,10/31/2012,460405,22247.61,EL1
1457394767,11/1/2012,11/30/2012,410422,23089.23,EL1
1457394768,12/1/2012,12/31/2012,951884,46780.59,EL1
1457394769,1/1/2013,1/31/2013,148969,6784.28,EL1
1457394770,2/1/2013,2/28/2013,189692,27694.48,EL1
1457394771,3/1/2013,3/31/2013,53767,2799.45,EL1
1457394772,4/1/2013,4/30/2013,222888,11848.07,EL1
1457394773,5/1/2013,5/31/2013,1108181,59754.39,EL1
1457394774,6/1/2013,6/30/2013,1081470,67621.03,EL1
1457394775,7/1/2013,7/31/2013,478902,43550.59,EL1
1457394776,8/1/2013,8/31/2013,326932,18939.58,EL1
1457394777,9/1/2013,9/30/2013,591944,37526.55,EL1
1457394778,10/1/2013,10/31/2013,371475,18783.54,EL1
1457394779,11/1/2013,11/30/2013,218128,10436.04,EL1
1457394780,12/1/2013,12/31/2013,168915,9638.21,EL1
1457394781,1/1/2014,1/31/2014,463828,143905.38,EL1
1457394782,2/1/2014,2/28/2014,491231,59294.71,EL1
1457394783,3/1/2014,3/31/2014,60755,5146.69,EL1
1457394784,4/1/2014,4/30/2014,1568672,88245.94,EL1
1457394785,5/1/2014,5/31/2014,1320681,67315.91,EL1
1457394786,6/1/2014,6/30/2014,1679543,82618.92,EL1
1703761301,7/1/2014,7/31/2014,470744,27595,EL1
1703761302,8/1/2014,8/31/2014,256023,13593,EL1
1703761303,9/1/2014,9/30/2014,663311,38508,EL1
1703761304,10/1/2014,10/31/2014,2218037,107684,EL1
1703761305,11/1/2014,11/30/2014,397659,19824,EL1
1703761306,12/1/2014,12/31/2014,108134,6289,EL1
1703761307,1/1/2015,1/31/2015,66896,4302,EL1
1703761308,2/1/2015,2/28/2015,432091,60478,EL1
1703761309,3/1/2015,3/31/2015,240500,19486,EL1
1703761310,4/1/2015,4/30/2015,399363,18878,EL1
1703761311,5/1/2015,5/31/2015,1000086,44566,EL1
1703761312,6/1/2015,6/30/2015,872315,27494,EL1
4246867058,7/1/2015,8/28/2015,597586,34692,EL1
2418852197,8/29/2015,9/28/2015,925821,129202.42,EL1
4246878436,9/29/2015,4/28/2016,3208249,186252.38,EL1
2418935783,4/29/2016,5/27/2016,787823,90289.98,EL1
4246892208,5/28/2016,8/26/2016,2851832,165560.88,EL1
2418935784,8/27/2016,9/27/2016,1009260,119040.23,EL1
2418935785,9/27/2016,10/26/2016,1447797,186143.75,EL1
2418935929,10/27/2016,11/28/2016,344638,59598.24,EL1
2418936095,11/29/2016,12/28/2016,1114284,102124.86,EL1
2418852198,12/29/2016,1/27/2017,2880371,186579.92,EL1
2418852199,1/28/2017,2/28/2017,3657128,222306.24,EL1
2418852200,3/1/2017,3/29/2017,1545370,132390.8,EL1
2418852201,3/30/2017,4/28/2017,301793,62263.29,EL1
2418852202,4/29/2017,5/30/2017,1329469,107692.11,EL1
2418852203,5/31/2017,6/28/2017,872186,97338.55,EL1
2418852204,6/29/2017,7/28/2017,521674,95640.11,EL1
2418852205,7/29/2017,8/28/2017,493327,82991.46,EL1
2418852206,8/29/2017,9/27/2017,1152599,134512.32,EL1
2418852207,9/28/2017,10/26/2017,614019,85841.24,EL1
2418852208,10/27/2017,11/28/2017,443815,77266.45,EL1
2418852209,11/29/2017,12/27/2017,244024,66263.79,EL1
2418852210,12/28/2017,1/26/2018,227562,103476.66,EL1
2418858292,1/27/2018,2/27/2018,327543,69682.19,EL1
2418858802,2/28/2018,3/28/2018,1395352,116430.18,EL1
2418858291,3/29/2018,4/27/2018,2701256,147823.35,EL1
2418860604,4/28/2018,5/29/2018,1636270,86438.8,EL1
2465836782,5/30/2018,6/27/2018,1087859,110666.48,EL1
2465840066,6/28/2018,7/27/2018,614833,83910.76,EL1
2467085387,7/28/2018,8/27/2018,760546,98016.19,EL1
2547720630,8/28/2018,9/26/2018,1898321,156469.06,EL1
2602744579,9/27/2018,10/23/2018,3427636,206774.03,EL1
2602822591,10/24/2018,11/27/2018,1807202,133424.01,EL1
2602975710,11/28/2018,12/27/2018,116506,57730.87,EL1
2641799081,12/28/2018,1/28/2019,9454,66858.54,EL1
2701910317,1/29/2019,2/27/2019,278158,85078.82,EL1
2790470177,2/28/2019,3/28/2019,162008,77767.29,EL1
2849140875,3/29/2019,4/29/2019,438928,84594.32,EL1
2939492150,4/30/2019,5/29/2019,1774635,118147.01,EL1
3077563602,5/30/2019,6/27/2019,770479,118522.84,EL1
3113803734,6/28/2019,7/29/2019,1483767,162321.68,EL1
3187400522,7/30/2019,8/27/2019,597586,113556.16,EL1
3289354971,8/28/2019,9/26/2019,710774,124349.42,EL1
3363311882,9/27/2019,10/25/2019,964363,107210.06,EL1
3428271298,10/26/2019,11/25/2019,602619,92454.82,EL1
3697877771,11/26/2019,12/11/2019,439271,60895.71,EL1
3697877772,12/12/2019,12/27/2019,2029,39773.49,EL1
3697944483,12/28/2019,1/28/2020,213665,66236.2,EL1
3890577593,1/29/2020,2/27/2020,127944,74402.19,EL1
4608728136,2/28/2020,3/27/2020,77848,72395.8,EL1
4608832023,3/28/2020,4/28/2020,1428436,121684.22,EL1
4609083654,4/29/2020,5/28/2020,2319373,153816.13,EL1
4609111055,5/29/2020,6/26/2020,3328946,229797.28,EL1
4610702994,6/27/2020,7/28/2020,4396280,304366.4,EL1
4611133479,7/29/2020,8/26/2020,3614224,246317.7,EL1
4611317694,8/27/2020,9/23/2020,2413814,218453.3,EL1
4611561426,9/24/2020,10/26/2020,0,0,EL1
4611558511,10/27/2020,11/24/2020,244508,87195.45,EL1
4611730840,11/25/2020,12/28/2020,512438,102275.08,EL1
4622121606,12/29/2020,1/27/2021,289243,138157.3,EL1
2457926467,12/1/2016,1/3/2017,140,63.87,EL2
2458139560,1/3/2017,2/1/2017,14,50.32,EL2
2458148000,2/1/2017,3/3/2017,4,51.94,EL2
2458155704,3/3/2017,4/3/2017,91,62.83,EL2
2464653407,4/3/2017,5/3/2017,87,62.72,EL2
2465381512,5/3/2017,6/2/2017,197,77.61,EL2
2465381609,6/2/2017,7/3/2017,396,134.48,EL2
2465397691,7/3/2017,8/2/2017,437,143,EL2
2465456718,8/2/2017,10/2/2017,302,162.34,EL2
2465542300,10/2/2017,10/31/2017,130,63.96,EL2
2465771770,10/31/2017,4/4/2018,105,255.75,EL2
2465798170,4/4/2018,5/3/2018,14,49.82,EL2
2465826384,5/3/2018,6/4/2018,19,50.07,EL2
2465837784,6/4/2018,7/3/2018,370,117.06,EL2
2466047294,7/3/2018,8/2/2018,183,122.12,EL2
2467086585,8/2/2018,8/31/2018,295,100.82,EL2
2547736997,8/31/2018,10/2/2018,274,96.64,EL2
2602766944,10/2/2018,10/31/2018,192,64.17,EL2
2602840132,10/31/2018,12/3/2018,81,54.43,EL2
2602989399,12/3/2018,1/3/2019,58,56.08,EL2
2662474043,1/3/2019,2/1/2019,46,44.14,EL2
2742649286,2/1/2019,3/5/2019,44,44.74,EL2
2938118065,3/6/2019,5/3/2019,30,80.53,EL2
3077567305,5/4/2019,6/4/2019,19,39.2,EL2
3077648600,6/5/2019,7/3/2019,518,137.64,EL2
3113804615,7/4/2019,8/2/2019,94,47.25,EL2
3187404798,8/3/2019,9/3/2019,321,92.44,EL2
3289408298,9/4/2019,10/1/2019,268,81.35,EL2
3363398999,10/2/2019,11/20/2019,218,70.1,EL2
3428288338,11/21/2019,1/3/2020,52,46.99,EL2
3697949251,1/4/2020,2/3/2020,27,39.42,EL2
4608736133,2/3/2020,4/2/2020,5,84.45,EL2
4608841154,4/2/2020,5/4/2020,68,49.47,EL2
4609085539,5/4/2020,6/3/2020,18,44.8,EL2
4609113608,6/3/2020,7/2/2020,518,154.08,EL2
4610716064,7/2/2020,8/3/2020,107,71.77,EL2
4611158161,8/3/2020,9/1/2020,291,106.9,EL2
4611262327,9/1/2020,10/1/2020,287,105.79,EL2
4611450129,10/1/2020,10/30/2020,200,69.15,EL2
4611573305,10/30/2020,12/2/2020,183,66.62,EL2
4611765265,12/2/2020,1/4/2021,145,64.01,EL2
4622125136,1/4/2021,2/2/2021,108,60.03,EL2
2458142777,12/1/2016,1/3/2017,86,23.25,EL3
2458143282,1/3/2017,2/1/2017,217,36.79,EL3
2458148021,2/1/2017,3/3/2017,148,28.1,EL3
2458155689,3/3/2017,4/3/2017,316,49.48,EL3
2464653405,4/3/2017,5/3/2017,162,30.52,EL3
2465381043,5/3/2017,6/2/2017,25,13.54,EL3
2465381088,6/2/2017,7/3/2017,20,10.99,EL3
2465397841,7/3/2017,8/2/2017,205,50.6,EL3
2465456548,8/2/2017,8/31/2017,184,43.76,EL3
2465531120,8/31/2017,10/2/2017,72,21.08,EL3
2465541169,10/2/2017,10/31/2017,476,55.86,EL3
2465549602,10/31/2017,12/1/2017,42,11.57,EL3
2465557367,12/1/2017,1/3/2018,149,26.1,EL3
2465680874,1/3/2018,2/1/2018,87,32.52,EL3
2465687232,2/1/2018,3/5/2018,1,14.85,EL3
2465772403,3/5/2018,4/5/2018,158,33.83,EL3
2465801872,4/5/2018,5/3/2018,211,39.37,EL3
2465825936,5/3/2018,6/4/2018,115,30.02,EL3
2465837798,6/4/2018,7/3/2018,19,24.27,EL3
2466046809,7/3/2018,8/2/2018,79,36.1,EL3
2467087317,8/2/2018,8/31/2018,23,24.43,EL3
2547740035,9/1/2018,10/2/2018,54,30.95,EL3
2602770249,10/2/2018,10/31/2018,139,35.12,EL3
2602842576,10/31/2018,12/3/2018,22,24.09,EL3
2602991797,12/3/2018,1/3/2019,2,23.15,EL3
2742663099,1/4/2019,3/5/2019,90,42.1,EL3
2801033853,3/6/2019,4/2/2019,240,43.67,EL3
2894153991,4/3/2019,5/3/2019,12,16.71,EL3
3077568202,5/4/2019,6/4/2019,75,24.42,EL3
3077661605,6/5/2019,8/2/2019,3,21.38,EL3
3187405922,8/3/2019,9/3/2019,0,10.33,EL3
3289408555,9/4/2019,10/1/2019,18,14.17,EL3
3363399028,10/2/2019,10/31/2019,141,25.32,EL3
3428290395,11/1/2019,12/3/2019,75,18.38,EL3
3697901114,12/4/2019,1/3/2020,265,39.29,EL3
3697949700,1/4/2020,2/3/2020,41,11.91,EL3
3890603129,2/4/2020,3/4/2020,108,20.18,EL3
4608744852,3/4/2020,4/2/2020,6,8.2,EL3
4608841538,4/2/2020,5/4/2020,24,9.92,EL3
4609085821,5/4/2020,6/3/2020,9,8.15,EL3
4609114591,6/3/2020,7/2/2020,1,5.6,EL3
4610718199,7/2/2020,8/3/2020,380,83.65,EL3
4611164979,8/3/2020,9/1/2020,486,102.37,EL3
4611264503,9/1/2020,10/1/2020,19,9.38,EL3
4611452198,10/1/2020,10/30/2020,26,8.26,EL3
4611586507,10/30/2020,12/2/2020,297,33.84,EL3
4611767768,12/2/2020,1/4/2021,16,9.87,EL3
4622125645,1/4/2021,2/2/2021,103,37.43,EL3
2457982735,12/2/2016,1/3/2017,872,133.98,EL4
2458114948,1/4/2017,2/1/2017,751,128.26,EL4
2458148683,2/2/2017,3/3/2017,714,123.68,EL4
2458155153,3/4/2017,4/3/2017,662,123.14,EL4
2464653350,4/4/2017,5/3/2017,564,116.33,EL4
2465374727,5/4/2017,6/2/2017,506,114.1,EL4
2465374810,6/3/2017,7/3/2017,491,108.56,EL4
2465399243,7/4/2017,8/2/2017,493,108.72,EL4
2465453035,8/3/2017,8/31/2017,525,107.69,EL4
2465528347,9/1/2017,10/2/2017,664,117.5,EL4
2465539245,10/3/2017,10/31/2017,668,114.69,EL4
2465549422,11/1/2017,12/1/2017,784,133.06,EL4
2465556215,12/2/2017,1/3/2018,872,147.8,EL4
2465680722,1/4/2018,2/1/2018,751,135.39,EL4
2465684701,2/2/2018,3/5/2018,757,136.8,EL4
2465773397,3/6/2018,4/4/2018,638,123.07,EL4
2465806599,4/4/2018,5/3/2018,545,110.91,EL4
2465835781,5/4/2018,6/4/2018,538,114.14,EL4
2465837899,6/5/2018,7/3/2018,459,101.19,EL4
2465999399,7/4/2018,8/2/2018,493,102.45,EL4
2467087564,8/3/2018,8/31/2018,525,102.42,EL4
2547743167,9/1/2018,10/2/2018,664,108.79,EL4
2602778588,10/2/2018,10/31/2018,668,109.26,EL4
2602853644,11/1/2018,12/3/2018,837,122.37,EL4
2602997490,12/4/2018,1/3/2019,819,127.77,EL4
2662486980,1/4/2019,2/1/2019,751,124.21,EL4
2742679357,2/2/2019,3/5/2019,757,132.56,EL4
2801034716,3/6/2019,4/3/2019,619,117.14,EL4
2894155317,4/4/2019,5/3/2019,564,117.15,EL4
3077570147,5/4/2019,6/4/2019,538,117.26,EL4
3077685313,6/5/2019,7/3/2019,459,106.88,EL4
3113805652,7/4/2019,8/2/2019,493,109.74,EL4
3187408905,8/3/2019,9/3/2019,587,111.89,EL4
3289409988,9/4/2019,10/2/2019,602,111.05,EL4
3363400016,10/3/2019,10/31/2019,668,119.29,EL4
3428297089,11/1/2019,12/3/2019,837,128.4,EL4
3697905206,12/4/2019,1/3/2020,819,131.72,EL4
3697987157,1/4/2020,2/3/2020,799,135.61,EL4
3890641526,2/4/2020,3/4/2020,711,130.9,EL4
4608750744,3/5/2020,4/2/2020,621,128.02,EL4
4608844495,4/3/2020,5/4/2020,600,120.88,EL4
4609088513,5/5/2020,6/3/2020,505,110.68,EL4
4609118010,6/3/2020,7/2/2020,459,105.29,EL4
4610722700,7/3/2020,8/3/2020,528,111.84,EL4
4611174059,8/4/2020,9/1/2020,528,107.96,EL4
4611274826,9/2/2020,10/1/2020,620,111.81,EL4
4611500301,10/2/2020,10/30/2020,90.71,114.81,EL4
4611596264,10/31/2020,12/2/2020,834,121.22,EL4
4611778311,12/3/2020,1/4/2021,872,135.64,EL4
4622127441,1/5/2021,2/2/2021,749,131.34,EL4
2458004091,12/1/2016,1/3/2017,0,4.25,EL5
2458122837,1/3/2017,2/1/2017,0,4.25,EL5
2458149766,2/1/2017,3/3/2017,6,4.72,EL5
2458154945,3/3/2017,4/3/2017,0,4.25,EL5
2464653308,4/3/2017,5/3/2017,0,4.25,EL5
2464664447,5/3/2017,6/2/2017,0,4.25,EL5
2465435193,6/2/2017,7/3/2017,0,4.25,EL5
2465435371,7/3/2017,8/2/2017,0,4.25,EL5
2465450973,8/2/2017,8/31/2017,0,4.25,EL5
2465486528,8/31/2017,10/2/2017,0,4.25,EL5
2465539058,10/2/2017,10/31/2017,0,4.25,EL5
2465548631,10/31/2017,12/1/2017,0,4.25,EL5
2465555245,12/1/2017,1/3/2018,0,4.25,EL5
2465680237,1/3/2018,2/1/2018,0,4.24,EL5
2465683767,2/1/2018,3/5/2018,0,4.24,EL5
2465774489,3/5/2018,4/4/2018,0,4.24,EL5
2465808968,4/4/2018,5/3/2018,0,4.24,EL5
2465836567,5/3/2018,6/4/2018,0,4.24,EL5
2465838338,6/4/2018,7/3/2018,0,4.24,EL5
2465917332,7/3/2018,8/2/2018,0,4.24,EL5
2467088699,8/2/2018,8/31/2018,0,4.24,EL5
2547745608,9/1/2018,10/2/2018,0,4.24,EL5
2602785609,10/2/2018,10/31/2018,0,4.24,EL5
2602935479,10/31/2018,12/3/2018,0,4.74,EL5
2603002569,12/3/2018,1/3/2019,0,4.73,EL5
2662495752,1/3/2019,2/1/2019,0,4.74,EL5
2742690399,2/2/2019,3/5/2019,0,4.74,EL5
2801036320,3/6/2019,4/2/2019,0,4.74,EL5
2894155494,4/3/2019,5/3/2019,0,4.74,EL5
3077571259,5/4/2019,6/4/2019,0,4.73,EL5
3077694453,6/5/2019,7/3/2019,0,4.74,EL5
3113806617,7/4/2019,8/2/2019,0,4.74,EL5
3187411692,8/3/2019,9/3/2019,0,4.74,EL5
3289413431,9/4/2019,10/1/2019,0,4.73,EL5
3363405505,10/2/2019,10/31/2019,0,4.79,EL5
3428311497,11/1/2019,12/3/2019,0,4.79,EL5
3697905919,12/4/2019,1/3/2020,0,4.78,EL5
3697988971,1/4/2020,2/3/2020,0,4.79,EL5
3890648533,2/4/2020,3/4/2020,0,4.79,EL5
4608763741,3/4/2020,4/2/2020,0,4.79,EL5
4608847120,4/2/2020,5/4/2020,0,4.79,EL5
4609091524,5/4/2020,6/3/2020,0,4.78,EL5
4609142490,6/3/2020,7/2/2020,0,4.79,EL5
4610726836,7/2/2020,8/3/2020,0,4.79,EL5
4611180668,8/3/2020,9/1/2020,0,4.79,EL5
4611277254,9/1/2020,10/1/2020,0,4.79,EL5
4611504747,10/1/2020,10/30/2020,0,4.79,EL5
4611609333,10/30/2020,12/2/2020,0,4.79,EL5
4611783565,12/2/2020,1/4/2021,0,4.78,EL5
4622129576,1/4/2021,2/2/2021,0,4.79,EL5
4608857463,3/4/2020,5/4/2020,920,1133.02,EL6
4609099796,5/4/2020,6/3/2020,360,626.56,EL6
4610752976,6/4/2020,7/1/2020,0,0,EL6
4610751952,7/2/2020,8/3/2020,400,996.04,EL6
4611213204,8/3/2020,9/1/2020,360,990.59,EL6
4611287295,9/1/2020,10/1/2020,360,989.59,EL6
4611515599,10/1/2020,10/30/2020,360,634.84,EL6
4611637803,10/30/2020,12/2/2020,400,635.8,EL6
4611804005,12/2/2020,1/4/2021,400,632.8,EL6
4622139749,1/4/2021,2/2/2021,360,671.56,EL6
1449643415,7/1/2009,7/31/2009,11668.61,8588.98,NG1
1449643416,8/1/2009,8/31/2009,45471.29,29419.21,NG1
1449643417,9/1/2009,9/30/2009,6168.88,4032.89,NG1
1449643418,10/1/2009,10/31/2009,1417.45,1451.43,NG1
1449643419,11/1/2009,11/30/2009,22009.46,16960.58,NG1
1449643420,12/1/2009,12/31/2009,29273.49,23099.12,NG1
1449643421,1/1/2010,1/31/2010,45786.72,42721.07,NG1
1449643422,2/1/2010,2/28/2010,52135.16,45379,NG1
1449643423,3/1/2010,3/31/2010,1288.96,1527.82,NG1
1449643424,4/1/2010,4/30/2010,5413.35,4276.2,NG1
1449643425,5/1/2010,5/31/2010,35251.45,27073.8,NG1
1449643426,6/1/2010,6/30/2010,17728.44,13655.86,NG1
1457368849,7/1/2010,7/31/2010,58012.87,47529.31,NG1
1457368850,8/1/2010,8/31/2010,64357,53281.8,NG1
1457368851,9/1/2010,9/30/2010,29966.95,21283.82,NG1
1457368852,10/1/2010,10/31/2010,40792.21,29649.99,NG1
1457368853,11/1/2010,11/30/2010,1829.57,1720.98,NG1
1457368854,12/1/2010,12/31/2010,53721.84,42305.83,NG1
1457368855,1/1/2011,1/31/2011,92408.51,72318.89,NG1
1457368856,2/1/2011,2/28/2011,49664.08,39662.11,NG1
1457368857,3/1/2011,3/31/2011,14002.84,10708.99,NG1
1457368858,4/1/2011,4/30/2011,10241.49,8073.43,NG1
1457368859,5/1/2011,5/31/2011,65067.2,49619.82,NG1
1457368860,6/1/2011,6/30/2011,16629.65,12950.18,NG1
1457368861,7/1/2011,7/31/2011,25051.79,19362.91,NG1
1457368862,8/1/2011,8/31/2011,14503.67,11487.61,NG1
1457368863,9/1/2011,9/30/2011,27208,19536.94,NG1
1457368864,10/1/2011,10/31/2011,22003.31,15654.69,NG1
1457368865,11/1/2011,11/30/2011,15121.6,10722.39,NG1
1457368866,12/1/2011,12/31/2011,2596.12,2263.29,NG1
1457368867,1/1/2012,1/31/2012,86199.84,57307.68,NG1
1457368868,2/1/2012,2/29/2012,6782,4561.62,NG1
1457368869,3/1/2012,3/31/2012,1939.39,1618.65,NG1
1457368870,4/1/2012,4/30/2012,1662.34,1418.81,NG1
1457368871,5/1/2012,5/31/2012,76755.94,41045.76,NG1
1457368872,6/1/2012,6/30/2012,16641.93,10032.78,NG1
1457441181,7/1/2012,7/31/2012,16309,10473.45,NG1
1457441182,8/1/2012,8/31/2012,50323.44,32567.79,NG1
1457441183,9/1/2012,9/30/2012,34990.43,21325.43,NG1
1457441184,10/1/2012,10/31/2012,45918.78,29819.87,NG1
1457441185,11/1/2012,11/30/2012,14955.16,10773.03,NG1
1457441186,12/1/2012,12/31/2012,79079.75,55434.45,NG1
1457441187,1/1/2013,1/31/2013,166119.55,108503.86,NG1
1457441188,2/1/2013,2/28/2013,84230.55,55842.4,NG1
1457441189,3/1/2013,3/31/2013,46463.34,31592.69,NG1
1457441190,4/1/2013,4/30/2013,8897.35,6856.87,NG1
1457441191,5/1/2013,5/31/2013,26005.19,19522.43,NG1
1457441192,6/1/2013,6/30/2013,120392,88780.91,NG1
1457441193,7/1/2013,7/31/2013,120585.06,82991.35,NG1
1457441194,8/1/2013,8/31/2013,161677.48,104854.62,NG1
1457441195,9/1/2013,9/30/2013,167524.88,110645.88,NG1
1457441196,10/1/2013,10/31/2013,95543.66,62030.62,NG1
1457441197,11/1/2013,11/30/2013,90444.96,58206.98,NG1
1457441198,12/1/2013,12/31/2013,135330.35,91513.95,NG1
1457441199,1/1/2014,1/31/2014,125583.33,96351.61,NG1
1457441200,2/1/2014,2/28/2014,150136.45,133376.91,NG1
1457441201,3/1/2014,3/31/2014,96244.73,78392.78,NG1
1457441202,4/1/2014,4/30/2014,119610.32,90612.3,NG1
1457441203,5/1/2014,5/31/2014,104511.09,81611,NG1
1457441204,6/1/2014,6/30/2014,118867.35,89627.5,NG1
1703780679,7/1/2014,7/31/2014,14180,10836,NG1
1703780680,8/1/2014,8/31/2014,20028,13811,NG1
1703780681,9/1/2014,9/30/2014,39542,27384,NG1
1703780682,10/1/2014,10/31/2014,95456,66040,NG1
1703780683,11/1/2014,11/30/2014,108002,73989,NG1
1703780684,12/1/2014,12/31/2014,50537,38184,NG1
1703780685,1/1/2015,1/31/2015,117502,75876,NG1
1703780686,2/1/2015,2/28/2015,81052,49688,NG1
1703780687,3/1/2015,3/31/2015,81975,48302,NG1
1703780688,4/1/2015,4/30/2015,16711,9544,NG1
1703780689,5/1/2015,5/31/2015,130284,69852,NG1
1703780690,6/1/2015,6/30/2015,108236,60417,NG1
4246737694,7/1/2015,8/31/2016,1121555.2,626048.64,NG1
2388893796,9/1/2016,9/30/2016,81285.74,50891.62,NG1
2388893795,10/1/2016,10/31/2016,89108.53,56964.66,NG1
2388893794,11/1/2016,11/30/2016,66105.76,41072.19,NG1
2388892054,12/1/2016,12/31/2016,205579.62,136857.21,NG1
2388890735,1/1/2017,1/31/2017,332327.15,199905.41,NG1
2388889693,2/1/2017,2/28/2017,270702.77,182991.49,NG1
2388888539,3/1/2017,3/31/2017,228282.96,135675.27,NG1
2388886587,4/1/2017,4/30/2017,52526.29,34706.11,NG1
2388886562,5/1/2017,5/31/2017,86650.4,55730.75,NG1
2388886483,6/1/2017,6/30/2017,70815.06,46813.57,NG1
2388886366,7/1/2017,7/31/2017,95724.43,61423.96,NG1
2388885887,8/1/2017,8/31/2017,111309.96,70186.02,NG1
2388885173,9/1/2017,9/30/2017,154562.96,92278.66,NG1
2388885135,10/1/2017,10/31/2017,83294.19,52484.51,NG1
2388884921,11/1/2017,11/30/2017,80742.14,49803.47,NG1
2388883995,12/1/2017,12/31/2017,99718.19,65537.29,NG1
2388883535,1/1/2018,1/31/2018,95568.58,58732.97,NG1
2388883154,2/1/2018,2/28/2018,78824.58,56206.68,NG1
2388879251,3/1/2018,3/31/2018,194525.81,116813.22,NG1
2388878922,4/1/2018,4/30/2018,186627.43,112337.17,NG1
2388878782,5/1/2018,5/31/2018,140527,86716.18,NG1
2465836756,6/1/2018,6/30/2018,125254.15,78089.14,NG1
2465843121,7/1/2018,7/31/2018,102728.42,65500.28,NG1
2467085327,8/1/2018,8/31/2018,80252.84,49776.07,NG1
2547719989,9/1/2018,9/30/2018,188003.49,117335.05,NG1
2602738839,10/1/2018,10/31/2018,308846.52,200406.24,NG1
2602819798,11/1/2018,11/30/2018,110245.05,74442.05,NG1
2602972285,12/1/2018,12/31/2018,73917.81,62967.81,NG1
2662451939,1/1/2019,1/31/2019,82491.39,60529.69,NG1
2742572969,2/1/2019,2/28/2019,96503.31,63383.52,NG1
2801020411,3/1/2019,3/31/2019,64224.04,41403.58,NG1
2894106116,4/1/2019,4/30/2019,7477.25,5386.94,NG1
3077540500,5/1/2019,5/31/2019,47117.19,29293.55,NG1
3077559079,6/1/2019,6/30/2019,58922.65,36878.53,NG1
3113803609,7/1/2019,7/31/2019,84591.74,49215.85,NG1
3187388518,8/1/2019,8/31/2019,123225.98,69346.55,NG1
3289354342,9/1/2019,9/30/2019,99130.31,57578.82,NG1
3363307514,10/1/2019,10/31/2019,83474.44,50727.04,NG1
3428266501,11/1/2019,11/30/2019,58866.69,37201.76,NG1
3697805154,12/1/2019,12/31/2019,107135.01,66144.66,NG1
3697941259,1/1/2020,1/31/2020,92537.8,54153.93,NG1
3890577082,2/1/2020,2/29/2020,87034.37,48247.07,NG1
4608727024,3/1/2020,3/31/2020,37818.09,21370.96,NG1
4608828655,4/1/2020,4/30/2020,94162.07,50047.36,NG1
4609083085,5/1/2020,5/31/2020,50326.31,27768.48,NG1
4609109322,6/1/2020,6/30/2020,122420.13,65093.91,NG1
4610697961,7/1/2020,7/31/2020,118080.14,59683.61,NG1
4611127627,8/1/2020,8/31/2020,205443.3,111784.91,NG1
4611250131,9/1/2020,9/30/2020,206467.02,128184.13,NG1
4611407091,10/1/2020,10/31/2020,55478.31,31917.03,NG1
4611548088,11/1/2020,11/30/2020,80650.79,53720.89,NG1
4611729473,12/1/2020,12/31/2020,206047.99,135051.99,NG1
4622120677,1/1/2021,1/31/2021,227227.82,138641.63,NG1
2457988231,12/1/2016,1/3/2017,176.84,175.67,NG10
2458117360,1/3/2017,2/1/2017,193.1,206.98,NG10
2458149274,2/1/2017,3/3/2017,316.49,318.19,NG10
2458155084,3/3/2017,4/3/2017,250.01,234.16,NG10
2464653336,4/3/2017,5/3/2017,261.56,240.3,NG10
2465361770,5/3/2017,6/2/2017,152.46,143.62,NG10
2465361817,6/2/2017,7/3/2017,53.37,59.05,NG10
2465402054,7/3/2017,8/2/2017,54.31,59.01,NG10
2465451150,8/2/2017,8/31/2017,1108.09,953.09,NG10
2465528123,8/31/2017,10/2/2017,310.18,288.26,NG10
2465539188,10/2/2017,10/31/2017,233.35,210.13,NG10
2465549300,10/31/2017,12/1/2017,255.82,242.96,NG10
2465555430,12/1/2017,1/3/2018,232.08,226.9,NG10
2465680700,1/3/2018,2/1/2018,155.47,149.99,NG10
2465685094,2/1/2018,3/5/2018,334.37,344.84,NG10
2465773529,3/5/2018,4/4/2018,219.55,207.08,NG10
2465778365,4/4/2018,5/3/2018,271.28,234.19,NG10
2465816512,5/4/2018,6/4/2018,130.13,120.35,NG10
2465838051,6/4/2018,7/3/2018,49.18,53.29,NG10
2465920803,7/3/2018,8/2/2018,52.12,56.29,NG10
2467087859,8/2/2018,8/31/2018,129.25,119.53,NG10
2547743799,9/1/2018,10/2/2018,207.19,186.17,NG10
2602782038,10/2/2018,10/31/2018,261.6,234.88,NG10
2602855343,10/31/2018,12/3/2018,298.98,284.26,NG10
2602998786,12/3/2018,1/3/2019,200.06,221.56,NG10
2662489323,1/3/2019,2/1/2019,155.62,162.91,NG10
2742684019,2/2/2019,3/5/2019,327.01,312.66,NG10
2801035511,3/6/2019,4/3/2019,226.28,214.97,NG10
2894155333,4/4/2019,5/3/2019,265.23,230.27,NG10
3077570619,5/4/2019,6/4/2019,170.01,150.87,NG10
3077686183,6/5/2019,7/3/2019,34.5,43,NG10
3113806285,7/4/2019,8/2/2019,17.74,28.96,NG10
3187409737,8/3/2019,9/3/2019,136.68,117.68,NG10
3289411186,9/4/2019,10/2/2019,133.68,117.69,NG10
3363401356,10/3/2019,10/31/2019,220.37,202.4,NG10
3428302026,11/1/2019,12/3/2019,267.1,247.92,NG10
3697905521,12/4/2019,1/3/2020,165.33,155.89,NG10
3697988043,1/4/2020,2/3/2020,125,115.74,NG10
3890641749,2/4/2020,3/4/2020,309.59,263.6,NG10
4608750909,3/4/2020,4/2/2020,141.68,125.27,NG10
4608846270,4/2/2020,5/4/2020,75.63,69.86,NG10
4609089320,5/4/2020,6/3/2020,62.85,61.44,NG10
4609137979,6/3/2020,7/2/2020,47.13,49.56,NG10
4611780502,7/2/2020,1/4/2021,20.91,116.72,NG10
4622127970,1/4/2021,2/2/2021,116.26,119.28,NG10
2457995461,12/1/2016,1/3/2017,4980.9,4173.23,NG11
2458121206,1/3/2017,2/1/2017,1905.79,1963.74,NG11
2458149617,2/1/2017,3/3/2017,3757.95,3323.36,NG11
2458155016,3/3/2017,4/3/2017,2788.96,2373.07,NG11
2464653319,4/3/2017,5/3/2017,3612.52,2440.73,NG11
2464665309,5/3/2017,6/2/2017,1844.28,1280.94,NG11
2464665649,6/2/2017,7/3/2017,1111.29,831.8,NG11
2465431996,7/3/2017,8/2/2017,1187.47,862.08,NG11
2465451107,8/2/2017,8/31/2017,1606.26,1111.27,NG11
2465528057,8/31/2017,10/2/2017,3446.47,2256.9,NG11
2465539130,10/2/2017,10/31/2017,3211.43,2102.8,NG11
2465549128,10/31/2017,12/1/2017,2935.61,2531.28,NG11
2465555417,12/1/2017,1/3/2018,2085.57,1970.09,NG11
2465680676,1/3/2018,2/1/2018,1828.84,1767.2,NG11
2465683882,2/1/2018,3/5/2018,3394.14,3054.45,NG11
2465773871,3/5/2018,4/4/2018,2420.25,2066.23,NG11
2465779359,4/4/2018,5/3/2018,3101.41,1959.88,NG11
2465836479,5/3/2018,6/4/2018,1369.52,945.3,NG11
2465838326,6/4/2018,7/3/2018,726.21,556.51,NG11
2465919624,7/3/2018,8/2/2018,1061.12,774.98,NG11
2467088060,8/2/2018,8/31/2018,1693.84,1142.33,NG11
2547744467,9/1/2018,10/2/2018,3243.87,2115.5,NG11
2602784459,10/2/2018,10/31/2018,3079.58,2049.9,NG11
2602934274,10/31/2018,12/3/2018,3255.36,2756.94,NG11
2603000801,12/3/2018,1/3/2019,2004.76,2149.57,NG11
2662493566,1/3/2019,2/1/2019,1842.17,1870.8,NG11
2742688099,2/2/2019,3/5/2019,2835.81,2403.37,NG11
2801035562,3/6/2019,4/3/2019,2498.59,2141.4,NG11
2894155374,4/4/2019,5/3/2019,3432.14,2149.68,NG11
3077571036,5/4/2019,6/4/2019,2168.15,1377.46,NG11
3077688823,6/5/2019,7/3/2019,1577.5,1042.36,NG11
3113806530,7/4/2019,8/2/2019,1564.02,976.44,NG11
3187410564,8/3/2019,11/20/2019,1061.64,1345,NG11
3428306385,11/21/2019,12/3/2019,1349.34,1084.94,NG11
3697905713,12/4/2019,1/3/2020,2019.57,1749.94,NG11
3697988678,1/4/2020,2/3/2020,1935.99,1630.71,NG11
3890648102,2/4/2020,3/4/2020,2480.89,1891.79,NG11
4608756099,3/4/2020,4/2/2020,2213.28,1473.22,NG11
4608846389,4/2/2020,5/4/2020,8042.29,4646.74,NG11
4609089871,5/4/2020,6/3/2020,217.86,250.6,NG11
4609140493,6/3/2020,7/2/2020,1580.56,899.8,NG11
4610726162,7/2/2020,8/3/2020,1743.72,940.55,NG11
4611177951,8/3/2020,9/1/2020,1572.36,925.51,NG11
4611276071,9/1/2020,10/1/2020,1540.91,1021.62,NG11
4611502799,10/1/2020,10/30/2020,1322.43,835.06,NG11
4611605987,10/30/2020,12/2/2020,2648.46,1842.48,NG11
4611781809,12/2/2020,1/4/2021,2162.93,1489.61,NG11
4622129077,1/4/2021,2/2/2021,1864.41,1235.47,NG11
2458016718,12/1/2016,1/3/2017,4.19,15.93,NG12
2458127031,1/3/2017,2/1/2017,20.99,32.71,NG12
2458149807,2/1/2017,3/3/2017,12.62,23.53,NG12
2458153977,3/3/2017,4/3/2017,0,12.39,NG12
2464652684,4/3/2017,5/3/2017,126.06,122.23,NG12
2464664122,5/3/2017,6/2/2017,12.62,23.25,NG12
2464664446,6/2/2017,7/3/2017,158.01,150.59,NG12
2465436810,7/3/2017,8/2/2017,10.44,21.35,NG12
2465450936,8/2/2017,8/31/2017,11.49,22.14,NG12
2465484322,8/31/2017,10/2/2017,9.4,20.43,NG12
2465538786,10/2/2017,10/31/2017,23.02,31.94,NG12
2465547500,10/31/2017,12/1/2017,4.19,15.97,NG12
2465554754,12/1/2017,1/3/2018,4.18,16.11,NG12
2465680174,1/3/2018,2/1/2018,8.4,20.17,NG12
2465683733,2/1/2018,3/5/2018,78.86,88.58,NG12
2465775804,3/5/2018,4/4/2018,1.05,13.77,NG12
2465779583,4/4/2018,5/3/2018,11.52,21.48,NG12
2465836573,5/3/2018,6/4/2018,11.54,21.63,NG12
2465838583,6/4/2018,7/3/2018,68.02,69.09,NG12
2465915228,7/3/2018,8/2/2018,0,12.03,NG12
2467088786,8/2/2018,8/31/2018,61.5,63.17,NG12
2547747270,9/1/2018,10/2/2018,20.93,29.62,NG12
2602788411,10/2/2018,10/31/2018,0,12.03,NG12
2602937343,10/31/2018,12/3/2018,10.45,23.66,NG12
2603004303,12/3/2018,1/3/2019,4.19,19.07,NG12
2662499400,1/3/2019,2/1/2019,8.41,23.08,NG12
2742693350,2/2/2019,3/5/2019,14.72,27.75,NG12
2801036722,3/6/2019,4/3/2019,12.63,25.83,NG12
2894155570,4/4/2019,5/3/2019,11.58,24.82,NG12
3077571929,5/4/2019,6/4/2019,12.59,19.06,NG12
3077701263,6/5/2019,7/3/2019,28.23,37.99,NG12
3113806777,7/4/2019,8/2/2019,22.95,32.93,NG12
3187411900,8/3/2019,9/3/2019,2.09,17.04,NG12
3289413735,9/4/2019,10/2/2019,12.53,25.07,NG12
3363407551,10/3/2019,11/22/2019,24.01,46.71,NG12
3428312791,11/23/2019,12/3/2019,0,5.82,NG12
3697908038,12/4/2019,1/3/2020,5.23,20.35,NG12
3697989207,1/4/2020,2/3/2020,1.05,16.96,NG12
3890648627,2/4/2020,3/4/2020,6.3,20.79,NG12
4608765793,3/4/2020,4/2/2020,14.69,26.91,NG12
4608847330,4/2/2020,5/4/2020,23.11,33.11,NG12
4609093075,5/4/2020,6/3/2020,11.52,24.49,NG12
4609143121,6/3/2020,7/2/2020,34.57,40.66,NG12
4610727928,7/2/2020,8/3/2020,19.86,30.11,NG12
4611183830,8/3/2020,9/1/2020,14.61,27.29,NG12
4611278828,9/1/2020,9/30/2020,40.77,49.23,NG12
4611506170,9/30/2020,10/29/2020,1.05,17.45,NG12
4611614468,10/29/2020,12/2/2020,0,16.7,NG12
4611789225,12/2/2020,12/31/2020,45,45,NG12
4622131100,12/31/2020,2/2/2021,1.05,18.07,NG12
2464661930,6/27/2017,7/3/2017,0,2.89,NG13
2465439331,7/3/2017,8/2/2017,0,12.39,NG13
2465450889,8/2/2017,8/31/2017,0,12.39,NG13
2465483875,8/31/2017,10/2/2017,0,12.44,NG13
2465537770,10/2/2017,10/31/2017,0,12.44,NG13
2465547070,10/31/2017,12/1/2017,0,12.44,NG13
2465554730,12/1/2017,1/3/2018,0,12.5,NG13
2465680134,1/3/2018,2/1/2018,0,13.04,NG13
2465683474,2/1/2018,3/5/2018,0,13.04,NG13
2465776053,3/5/2018,4/4/2018,0,12.9,NG13
2465779597,4/4/2018,5/3/2018,3.14,14.62,NG13
2465818712,5/4/2018,6/4/2018,0,12.03,NG13
2465839225,6/4/2018,7/3/2018,0,12.03,NG13
2465912092,7/3/2018,8/2/2018,0,12.03,NG13
2467088913,8/2/2018,8/31/2018,0,12.03,NG13
2547748503,9/1/2018,10/2/2018,0,12.03,NG13
2602791273,10/2/2018,10/31/2018,0,12.03,NG13
2602938896,10/31/2018,12/3/2018,0,14.93,NG13
2603006771,12/3/2018,1/3/2019,0,14.99,NG13
2662502775,1/3/2019,2/1/2019,0,15.46,NG13
2742695923,2/2/2019,3/5/2019,0,15.46,NG13
2801037050,3/6/2019,4/3/2019,0,15.46,NG13
2894155624,4/4/2019,5/3/2019,3.16,16.36,NG13
3077573992,5/4/2019,6/3/2019,0,15.46,NG13
3077705748,6/4/2019,7/3/2019,0,15.46,NG13
3113807661,7/4/2019,8/2/2019,0,15.46,NG13
3187412206,8/3/2019,8/30/2019,0,15.46,NG13
3289414106,8/31/2019,10/1/2019,0,15.47,NG13
3363407786,10/2/2019,10/31/2019,0,15.75,NG13
3428314990,11/1/2019,12/3/2019,0,15.79,NG13
3697908346,12/4/2019,1/2/2020,0,16.2,NG13
3697989861,1/3/2020,1/31/2020,0,16.2,NG13
3890649554,2/1/2020,3/3/2020,0,16.2,NG13
4608766524,3/3/2020,4/1/2020,0,16.2,NG13
4608847569,4/1/2020,5/1/2020,0,16.2,NG13
4609094041,5/1/2020,6/3/2020,0,16.2,NG13
4609143136,6/3/2020,7/2/2020,0,16.2,NG13
4610729798,7/2/2020,7/31/2020,0,16.46,NG13
4611185507,7/31/2020,8/31/2020,0,16.67,NG13
4611279880,8/31/2020,9/30/2020,0,16.67,NG13
4611509162,9/30/2020,10/29/2020,0,16.67,NG13
4611619486,10/29/2020,12/1/2020,0,16.68,NG13
4611792440,12/1/2020,12/31/2020,0,17.19,NG13
4622134854,12/31/2020,2/2/2021,0,17.19,NG13
2465470012,9/22/2017,10/2/2017,0,4.56,NG14
2465536892,10/2/2017,10/31/2017,0,12.44,NG14
2465544704,10/31/2017,12/1/2017,0,12.44,NG14
2465551400,12/1/2017,1/3/2018,0,12.5,NG14
2465680090,1/3/2018,2/1/2018,0,13.04,NG14
2465683057,2/1/2018,3/5/2018,0,13.04,NG14
2465776091,3/5/2018,4/4/2018,0,12.9,NG14
2465779629,4/4/2018,5/3/2018,0,12.03,NG14
2465820907,5/4/2018,6/4/2018,0,12.03,NG14
2465839770,6/4/2018,7/3/2018,0,12.03,NG14
2465909440,7/3/2018,8/2/2018,0,12.03,NG14
2467090539,8/2/2018,8/31/2018,0,12.03,NG14
2547754050,9/1/2018,10/2/2018,0,12.03,NG14
2602805955,10/2/2018,10/31/2018,0,12.03,NG14
2602945360,10/31/2018,12/3/2018,0,14.93,NG14
2603012465,12/3/2018,1/3/2019,0,14.99,NG14
2662505792,1/3/2019,2/1/2019,0,15.46,NG14
2742704876,2/2/2019,3/5/2019,0,15.46,NG14
2801037324,3/6/2019,4/3/2019,0,15.46,NG14
2894156693,4/4/2019,5/3/2019,0,15.46,NG14
3077601865,5/4/2019,6/3/2019,0,15.46,NG14
3077708661,6/4/2019,7/3/2019,0,15.46,NG14
3113808168,7/4/2019,8/2/2019,0,15.46,NG14
3187419975,8/3/2019,8/30/2019,0,15.46,NG14
3289417679,8/31/2019,10/1/2019,0,15.47,NG14
3363441300,10/2/2019,10/31/2019,0,15.75,NG14
3428318047,11/1/2019,12/3/2019,0,15.79,NG14
3697910470,12/4/2019,1/2/2020,0,16.2,NG14
3697991987,1/3/2020,1/31/2020,0,16.2,NG14
3890651752,2/1/2020,3/4/2020,0,16.2,NG14
4608778188,3/4/2020,4/2/2020,0,16.2,NG14
4608849305,4/2/2020,5/1/2020,0,16.2,NG14
4609099349,5/1/2020,6/3/2020,0,16.2,NG14
4609144169,6/3/2020,7/2/2020,0,16.2,NG14
4610743648,7/2/2020,7/31/2020,0,16.46,NG14
4611211129,7/31/2020,8/31/2020,0,16.67,NG14
4611286243,8/31/2020,9/30/2020,0,16.67,NG14
4611508296,9/30/2020,10/29/2020,0,16.67,NG14
4611629018,10/29/2020,12/1/2020,0,16.68,NG14
4611801771,12/1/2020,12/31/2020,0,17.19,NG14
4622139196,12/31/2020,2/2/2021,0,17.19,NG14
2458152969,3/4/2017,4/3/2017,554.64,544.28,NG15
2464652174,4/3/2017,5/3/2017,689.1,625.21,NG15
2465367583,5/3/2017,6/2/2017,263.92,251.92,NG15
2465368359,6/2/2017,7/3/2017,8.37,32.08,NG15
2465446859,7/3/2017,8/2/2017,73.11,87.54,NG15
2465449779,8/2/2017,8/31/2017,149.35,151.56,NG15
2465481733,8/31/2017,10/2/2017,597.39,532.39,NG15
2465537521,10/2/2017,12/1/2017,1292.57,1189.19,NG15
2465786629,12/1/2017,1/3/2018,456.84,446.93,NG15
2465787384,1/3/2018,2/1/2018,342.45,330.28,NG15
2465787782,2/1/2018,3/5/2018,859.05,885.84,NG15
2465788261,3/5/2018,4/4/2018,632.38,595.57,NG15
2465796934,4/4/2018,5/3/2018,598.08,513.83,NG15
2465822696,5/4/2018,6/4/2018,199.4,190.03,NG15
2465839764,6/4/2018,7/3/2018,155.91,154.85,NG15
2465845393,7/3/2018,8/2/2018,415.9,377.3,NG15
2467089018,8/2/2018,8/31/2018,228.28,213.91,NG15
2547749321,9/1/2018,10/2/2018,307.64,282.64,NG15
2602801239,10/2/2018,10/31/2018,866.43,762.15,NG15
2602940593,10/31/2018,12/3/2018,645.01,605.98,NG15
2603010342,12/3/2018,1/3/2019,429.44,468.99,NG15
2662508498,1/3/2019,2/1/2019,342.77,352.37,NG15
2742699015,2/2/2019,3/5/2019,496.29,468.59,NG15
2801037097,3/6/2019,4/3/2019,418.89,392.72,NG15
2894156171,4/4/2019,5/3/2019,500.98,436.67,NG15
3077597324,5/4/2019,6/4/2019,309.59,277.51,NG15
3077707974,6/5/2019,7/3/2019,162.04,160.3,NG15
3113807920,7/4/2019,9/3/2019,557.16,483.1,NG15
3289417303,9/4/2019,10/2/2019,452.22,376.67,NG15
3363438233,10/3/2019,11/22/2019,1011.86,880.52,NG15
3428317649,11/23/2019,12/3/2019,130.55,119.05,NG15
3697909354,12/4/2019,1/3/2020,198.82,191.16,NG15
3697991337,1/4/2020,2/3/2020,182.78,172.28,NG15
3890650964,2/4/2020,3/4/2020,538.36,448.36,NG15
4610737076,3/4/2020,8/3/2020,416.09,458.03,NG15
4611188479,8/3/2020,9/1/2020,64.72,80.29,NG15
4611283521,9/1/2020,10/1/2020,326.16,293.32,NG15
4611513783,10/1/2020,10/30/2020,388.89,348.08,NG15
4611621418,10/30/2020,12/2/2020,395.54,388.53,NG15
4611798927,12/2/2020,1/4/2021,480.3,466.64,NG15
4622137150,1/4/2021,2/2/2021,170.73,174.65,NG15
1457444194,7/1/2009,7/31/2009,0,0,NG16
1457444195,8/1/2009,8/31/2009,0,0,NG16
1457444196,9/1/2009,9/30/2009,0,0,NG16
1457444197,10/1/2009,10/31/2009,0,0,NG16
1457444198,11/1/2009,11/30/2009,0,0,NG16
1457444199,12/1/2009,12/31/2009,54406,49847.96,NG16
1457444200,1/1/2010,1/31/2010,13214.7,13949.33,NG16
1457444201,2/1/2010,2/28/2010,25855.01,27757.32,NG16
1457444202,3/1/2010,3/31/2010,20013.98,21100.59,NG16
1457444203,4/1/2010,4/30/2010,23588.58,17188.03,NG16
1457444204,5/1/2010,5/31/2010,22030.18,17116.4,NG16
1457444205,6/1/2010,6/30/2010,21552.67,16567.38,NG16
1457444206,7/1/2010,7/31/2010,23108.97,19353.69,NG16
1457444207,8/1/2010,8/31/2010,21875.62,18538.2,NG16
1457444208,9/1/2010,9/30/2010,18571.25,15031.87,NG16
1457444209,10/1/2010,10/31/2010,22313.33,16558.96,NG16
1457444210,11/1/2010,11/30/2010,25325.96,20666.63,NG16
1457444211,12/1/2010,12/31/2010,26076.18,24073.26,NG16
1457444212,1/1/2011,1/31/2011,23246.12,21942.22,NG16
1457444213,2/1/2011,2/28/2011,21368.38,20336.69,NG16
1457444214,3/1/2011,3/31/2011,22655.33,20320.61,NG16
1457444215,4/1/2011,4/30/2011,25249.67,19498.27,NG16
1457444216,5/1/2011,5/31/2011,19602.42,15434.26,NG16
1457444217,6/1/2011,6/30/2011,20834.21,16277.1,NG16
1457444218,7/1/2011,7/31/2011,24315.45,19077.15,NG16
1457444219,8/1/2011,8/31/2011,25289.82,19908.47,NG16
1457444220,9/1/2011,9/30/2011,23375.5,17066.84,NG16
1457444221,10/1/2011,10/31/2011,24456.4,17580.14,NG16
1457444222,11/1/2011,11/30/2011,23322.7,19460.33,NG16
1457444223,12/1/2011,12/31/2011,26397.21,21701.5,NG16
1457444224,1/1/2012,1/31/2012,23359.85,19144.59,NG16
1457444225,2/1/2012,2/29/2012,21493.46,16498,NG16
1457444226,3/1/2012,3/31/2012,25907,18704,NG16
1457444227,4/1/2012,4/30/2012,22960.78,13165.08,NG16
1457444228,5/1/2012,5/31/2012,23496.32,13107.89,NG16
1457444229,6/1/2012,6/30/2012,24828.08,14961.99,NG16
1457444230,7/1/2012,7/31/2012,22384.17,14332.8,NG16
1457444231,8/1/2012,8/31/2012,22281.8,14831.9,NG16
1457444232,9/1/2012,9/30/2012,27028.43,16893.61,NG16
1457444233,10/1/2012,10/31/2012,22490.94,14991.03,NG16
1457444234,11/1/2012,11/30/2012,23800,20043.37,NG16
1457444235,12/1/2012,12/31/2012,26238.87,21844.82,NG16
1457444236,1/1/2013,1/31/2013,19293.21,16175.38,NG16
1457444237,2/1/2013,2/28/2013,21422.75,17785.48,NG16
1457444238,3/1/2013,3/31/2013,24965.88,20890.46,NG16
1457444239,4/1/2013,4/30/2013,19929.25,14806.31,NG16
1457444240,5/1/2013,5/31/2013,23138.88,17597.67,NG16
1457444241,6/1/2013,6/30/2013,22303.05,16948.93,NG16
1457444242,7/1/2013,7/31/2013,21751.42,15509.2,NG16
1457444243,8/1/2013,8/31/2013,23636.78,15960.31,NG16
1457444244,9/1/2013,9/30/2013,25483.62,17483.12,NG16
1457444245,10/1/2013,10/31/2013,22801.78,15364.99,NG16
1457444246,11/1/2013,11/30/2013,25195.66,19958.21,NG16
1457444247,12/1/2013,12/31/2013,24205.91,20245.27,NG16
1457444248,1/1/2014,1/31/2014,18701.31,18007.48,NG16
1457444249,2/1/2014,2/28/2014,21382,22456.65,NG16
1457444250,3/1/2014,3/31/2014,28869.89,27859.12,NG16
1457444251,4/1/2014,4/30/2014,21550.47,16884,NG16
1457444252,5/1/2014,5/31/2014,8355.89,6785.2,NG16
1457444253,6/1/2014,6/30/2014,0,102,NG16
1449643804,7/1/2009,7/31/2009,475082.63,268097.19,NG2
1449643805,8/1/2009,8/31/2009,501545.6,255595.91,NG2
1449643806,9/1/2009,9/30/2009,490264.94,221957.56,NG2
1449643807,10/1/2009,10/31/2009,447990.79,242869.33,NG2
1449643808,11/1/2009,11/30/2009,359329.12,217613,NG2
1449643809,12/1/2009,12/31/2009,492695.43,294206.3,NG2
1449643810,1/1/2010,1/31/2010,522134,401777.4,NG2
1449643811,2/1/2010,2/28/2010,478946.89,341098.63,NG2
1449643812,3/1/2010,3/31/2010,439983.15,292115.78,NG2
1449643813,4/1/2010,4/30/2010,426562,235260.45,NG2
1449643814,5/1/2010,5/31/2010,293639.25,175302.75,NG2
1449643815,6/1/2010,6/30/2010,455748.61,267077.66,NG2
1457365980,7/1/2010,7/31/2010,470263.06,305442.27,NG2
1457365981,8/1/2010,8/31/2010,463875.99,305123.91,NG2
1457365982,9/1/2010,9/30/2010,509570.53,275179.8,NG2
1457365983,10/1/2010,10/31/2010,329433.13,184422.82,NG2
1457365984,11/1/2010,11/30/2010,455600.72,230547,NG2
1457365985,12/1/2010,12/31/2010,523080.9,318732.3,NG2
1457365986,1/1/2011,1/31/2011,420674.28,243809,NG2
1457365987,2/1/2011,2/28/2011,473767.04,291278.56,NG2
1457365988,3/1/2011,3/31/2011,494661.71,276606.19,NG2
1457365989,4/1/2011,4/30/2011,426492.12,252763.83,NG2
1457365990,5/1/2011,5/31/2011,265414.7,161165.1,NG2
1457365991,6/1/2011,6/30/2011,479519.28,288285.4,NG2
1457365992,7/1/2011,7/31/2011,499576.05,302658.94,NG2
1457365993,8/1/2011,8/31/2011,475783.98,289835.15,NG2
1457365994,9/1/2011,9/30/2011,485943.08,269878.74,NG2
1457365995,10/1/2011,10/31/2011,459157.46,250286.61,NG2
1457365996,11/1/2011,11/30/2011,415877.76,217774.92,NG2
1457365997,12/1/2011,12/31/2011,489176.57,248655.95,NG2
1457365998,1/1/2012,1/31/2012,415435,198919.38,NG2
1457365999,2/1/2012,2/29/2012,498288,217361.98,NG2
1457366000,3/1/2012,3/31/2012,490051.27,201819.72,NG2
1457366001,4/1/2012,4/30/2012,449004.27,167251.02,NG2
1457366002,5/1/2012,5/31/2012,171455.31,61057.1,NG2
1457366003,6/1/2012,6/30/2012,498832.29,197930,NG2
1457443399,7/1/2012,7/31/2012,532001.93,230309.97,NG2
1457443400,8/1/2012,8/31/2012,510339.82,233385.19,NG2
1457443401,9/1/2012,9/30/2012,519115.47,216945.1,NG2
1457443402,10/1/2012,10/31/2012,459121.88,210381.9,NG2
1457443403,11/1/2012,11/30/2012,504735.07,253960.55,NG2
1457443404,12/1/2012,12/31/2012,434312.23,228492.97,NG2
1457443405,1/1/2013,1/31/2013,392377.75,193117,NG2
1457443406,2/1/2013,2/28/2013,517806.65,252747.96,NG2
1457443407,3/1/2013,3/31/2013,537737.09,273780.77,NG2
1457443408,4/1/2013,4/30/2013,487297.26,275311.2,NG2
1457443409,5/1/2013,5/31/2013,272849.29,159217.3,NG2
1457443410,6/1/2013,6/30/2013,312209.02,182998.37,NG2
1457443411,7/1/2013,7/31/2013,113460.83,64601.86,NG2
1457443412,8/1/2013,8/31/2013,143450.32,86033.82,NG2
1457443413,9/1/2013,9/30/2013,430802.02,232665.86,NG2
1457443414,10/1/2013,10/31/2013,405243.05,208296.84,NG2
1457443415,11/1/2013,11/30/2013,410285.9,215507.04,NG2
1457443416,12/1/2013,12/31/2013,433038.58,221920.77,NG2
1457443417,1/1/2014,1/31/2014,414247.32,205650.81,NG2
1457443418,2/1/2014,2/28/2014,347554.28,141436.52,NG2
1457443419,3/1/2014,3/31/2014,190023.82,153454.33,NG2
1457443420,4/1/2014,4/30/2014,225184.44,158223.05,NG2
1457443421,5/1/2014,5/31/2014,258503.23,170038,NG2
1457443422,6/1/2014,6/30/2014,142835.68,86174.96,NG2
1703769400,7/1/2014,7/31/2014,249893,144412,NG2
1703769401,8/1/2014,8/31/2014,501440,259806,NG2
1703769402,9/1/2014,9/30/2014,482727,257522,NG2
1703769403,10/1/2014,10/31/2014,176926,95657,NG2
1703769404,11/1/2014,11/30/2014,455076,233972,NG2
1703769405,12/1/2014,12/31/2014,479755,273363,NG2
1703769406,1/1/2015,1/31/2015,492070,226325,NG2
1703769407,2/1/2015,2/28/2015,428778,263491,NG2
1703769408,3/1/2015,3/31/2015,490202,210955,NG2
1703769409,4/1/2015,4/30/2015,459288,183646,NG2
1703769410,5/1/2015,5/31/2015,330555,129959,NG2
1703769411,6/1/2015,6/30/2015,380060,160738,NG2
4246799790,7/1/2015,7/31/2016,6131772.7,2593298.11,NG2
2389029753,8/1/2016,8/31/2016,411567.18,163417.68,NG2
2389029754,9/1/2016,9/30/2016,460189.49,191967.91,NG2
2389029816,10/1/2016,10/31/2016,434679.29,186906.27,NG2
2389029817,11/1/2016,11/30/2016,413978.53,169813.04,NG2
2389030488,12/1/2016,12/31/2016,287658.89,131652.69,NG2
2389032627,1/1/2017,1/31/2017,0,142.09,NG2
2389033298,2/1/2017,2/28/2017,0,142.09,NG2
2389033299,3/1/2017,3/31/2017,266838.64,160040.74,NG2
2389033300,4/1/2017,4/30/2017,433188.41,195851.85,NG2
2389033301,5/1/2017,5/31/2017,263437.38,118287.43,NG2
2457863082,6/1/2017,7/1/2017,392944.1,182101.93,NG2
2389033303,7/1/2017,7/31/2017,483960.38,216457.5,NG2
2389033860,8/1/2017,8/31/2017,477804.02,208595.56,NG2
2389035280,9/1/2017,9/30/2017,399679.21,175038.14,NG2
2389035281,10/1/2017,10/31/2017,517713.81,225507.99,NG2
2389035282,11/1/2017,11/30/2017,491519.55,202848.63,NG2
2389037273,12/1/2017,12/31/2017,521347.32,232423.61,NG2
2389037274,1/1/2018,1/31/2018,520928.86,214946.97,NG2
2389041141,2/1/2018,2/28/2018,502442.91,253602.63,NG2
2389041142,3/1/2018,3/14/2018,248320.63,100133.5,NG2
2490881709,3/15/2018,3/31/2018,45783.04,18532.49,NG2
2389041143,4/1/2018,4/30/2018,147043.78,59682,NG2
2389041637,5/1/2018,5/31/2018,246583.07,103257.92,NG2
2465836689,6/1/2018,6/30/2018,360620.91,152893.1,NG2
2465844262,7/1/2018,7/31/2018,517281.11,225427.67,NG2
2467090731,8/1/2018,8/31/2018,544301.96,227542.68,NG2
2547757558,9/1/2018,9/30/2018,342926.53,145972.47,NG2
2602813157,10/1/2018,10/31/2018,0,139.87,NG2
2602949125,11/1/2018,11/30/2018,418742.77,186876.85,NG2
2603017443,12/1/2018,12/31/2018,534406.95,322853.33,NG2
2779490168,1/1/2019,1/31/2019,498671.5,256501.09,NG2
2779490204,2/1/2019,2/28/2019,507746.48,224148.99,NG2
2801039831,3/1/2019,3/31/2019,554882.46,236483.51,NG2
2894157783,4/1/2019,4/30/2019,481426.37,199283.27,NG2
3077604832,5/1/2019,5/31/2019,267425.71,106761.64,NG2
3077718520,6/1/2019,6/30/2019,493453.12,201387.08,NG2
3113808273,7/1/2019,7/31/2019,484323.04,179363.38,NG2
3187421412,8/1/2019,8/31/2019,576640.46,204738.71,NG2
3289418715,9/1/2019,9/30/2019,564714.32,208186.15,NG2
3363441956,10/1/2019,10/31/2019,401612.44,156418.87,NG2
3428320265,11/1/2019,11/30/2019,338288.86,137588.04,NG2
3697992491,12/1/2019,12/31/2019,123386.62,48905.02,NG2
3918021442,1/1/2020,1/16/2020,32999.63,12074.59,NG2
3912161166,1/17/2020,1/31/2020,302576.48,109934.28,NG2
3890652203,2/1/2020,2/29/2020,567530.85,191389.1,NG2
4608779845,3/1/2020,3/31/2020,571544.13,189.28,NG2
4608900653,4/1/2020,4/30/2020,145928.89,45670.82,NG2
4609100332,5/1/2020,5/31/2020,0,171.5,NG2
4609146329,6/1/2020,6/30/2020,0,171.5,NG2
4610756465,7/1/2020,7/31/2020,0,173.21,NG2
4611213773,8/1/2020,8/31/2020,0,174.83,NG2
4611289251,9/1/2020,9/30/2020,195766.32,79289.09,NG2
4611517167,10/1/2020,10/31/2020,345243.28,122605,NG2
4611643876,11/1/2020,11/30/2020,406323.35,181366.6,NG2
4611808008,12/1/2020,12/31/2020,361984.2,158584.43,NG2
4622140515,1/1/2021,1/31/2021,384892.98,151759.6,NG2
1449641572,7/1/2009,7/31/2009,0,0,NG3
1449641573,8/1/2009,8/31/2009,0,0,NG3
1449641574,9/1/2009,9/30/2009,0,0,NG3
1449641575,10/1/2009,10/31/2009,17198.94,14576.66,NG3
1449641576,11/1/2009,11/30/2009,4155.42,4508.84,NG3
1449641577,12/1/2009,12/31/2009,1550,1731.03,NG3
1449641578,1/1/2010,1/31/2010,13590.47,17099.17,NG3
1449641579,2/1/2010,2/28/2010,9587.77,10121,NG3
1449641580,3/1/2010,3/31/2010,4057.31,4551.77,NG3
1449641581,4/1/2010,4/30/2010,3022.18,2304.87,NG3
1449641582,5/1/2010,5/31/2010,3912.88,3140.84,NG3
1449641584,6/1/2010,6/30/2010,5060.24,3979.95,NG3
1457370455,7/1/2010,7/31/2010,7048.45,5997.86,NG3
1457370456,8/1/2010,8/31/2010,6565.07,5662.6,NG3
1457370457,9/1/2010,9/30/2010,7807.07,5721.57,NG3
1457370458,10/1/2010,10/31/2010,3851.1,2975.12,NG3
1457370459,11/1/2010,11/30/2010,3564.46,3329.88,NG3
1457370460,12/1/2010,12/31/2010,8410,7905.46,NG3
1457370461,1/1/2011,1/31/2011,8265.84,7999.83,NG3
1457370462,2/1/2011,2/28/2011,7242.43,7094.72,NG3
1457370463,3/1/2011,3/31/2011,4917.19,4894.37,NG3
1457370464,4/1/2011,4/30/2011,3777.38,3037.43,NG3
1457370465,5/1/2011,5/31/2011,4348.26,3533.89,NG3
1457370466,6/1/2011,6/30/2011,6400.03,5098.26,NG3
1457370467,7/1/2011,7/31/2011,9624.61,7637.38,NG3
1457370468,8/1/2011,8/31/2011,6344.18,5102.73,NG3
1457370469,9/1/2011,9/30/2011,7524.39,5591.91,NG3
1457370470,10/1/2011,10/31/2011,4047.74,3030.54,NG3
1457370471,11/1/2011,11/30/2011,3124.41,3395.27,NG3
1457370472,12/1/2011,12/31/2011,4225.96,4157.88,NG3
1457370473,1/1/2012,1/31/2012,7197.32,5931.89,NG3
1457370474,2/1/2012,2/29/2012,6097.47,4543.6,NG3
1457370475,3/1/2012,3/31/2012,2510,2191.16,NG3
1457370476,4/1/2012,4/30/2012,3798.43,2298.79,NG3
1457370477,5/1/2012,5/31/2012,4721.01,2749.48,NG3
1457370478,6/1/2012,6/30/2012,7637.48,4702.85,NG3
1457442428,7/1/2012,7/31/2012,16309,10473.45,NG3
1457442429,8/1/2012,8/31/2012,50323.44,32567.79,NG3
1457442430,9/1/2012,9/30/2012,34990.43,21325.43,NG3
1457442431,10/1/2012,10/31/2012,45918.78,29819.87,NG3
1457442432,11/1/2012,11/30/2012,14955.16,10773.03,NG3
1457442433,12/1/2012,12/31/2012,79079.75,55434.45,NG3
1457442434,1/1/2013,1/31/2013,166119.55,108503.86,NG3
1457442435,2/1/2013,2/28/2013,84230.55,55842.4,NG3
1457442436,3/1/2013,3/31/2013,46463.34,31592.69,NG3
1457442437,4/1/2013,4/30/2013,8897.35,6856.87,NG3
1457442438,5/1/2013,5/31/2013,26005.19,19522.43,NG3
1457442439,6/1/2013,6/30/2013,120392,88780.91,NG3
1457442440,7/1/2013,7/31/2013,120585.06,82991.35,NG3
1457442441,8/1/2013,8/31/2013,161677.48,104854.62,NG3
1457442442,9/1/2013,9/30/2013,167524.88,110645.88,NG3
1457442443,10/1/2013,10/31/2013,95543.66,62030.62,NG3
1457442444,11/1/2013,11/30/2013,90444.96,58206.98,NG3
1457442445,12/1/2013,12/31/2013,135330.35,91513.95,NG3
1457442446,1/1/2014,1/31/2014,125583.33,96351.61,NG3
1457442447,2/1/2014,2/28/2014,150136.45,133376.91,NG3
1457442448,3/1/2014,3/31/2014,96244.73,78392.78,NG3
1457442449,4/1/2014,4/30/2014,119610.32,90612.3,NG3
1457442450,5/1/2014,5/31/2014,104511.09,81611,NG3
1457442451,6/1/2014,6/30/2014,118867.35,89627.5,NG3
1703774378,7/1/2014,7/31/2014,6756,5195,NG3
1703774379,8/1/2014,8/31/2014,6446,4647,NG3
1703774380,9/1/2014,9/30/2014,374,371,NG3
1703774381,10/1/2014,10/31/2014,7740,5586,NG3
1703774382,11/1/2014,11/30/2014,5049,4645,NG3
1703774383,12/1/2014,12/31/2014,5576,5351,NG3
1703774384,1/1/2015,1/31/2015,8074,6554,NG3
1703774385,2/1/2015,2/28/2015,10316,8113,NG3
1703774386,3/1/2015,3/31/2015,5687,4848,NG3
1703774387,4/1/2015,4/30/2015,2895,1710,NG3
1703774388,5/1/2015,5/31/2015,4509,2581,NG3
1703774389,6/1/2015,6/30/2015,5522,3239,NG3
4246823782,7/1/2015,11/30/2016,109739.2,64368.93,NG3
2457862093,12/1/2016,1/3/2017,6459.48,5274.21,NG3
2418895829,1/3/2017,2/1/2017,5677,5154.56,NG3
2418895830,2/1/2017,3/3/2017,5432.94,4479.16,NG3
2418895831,3/3/2017,4/3/2017,5760.7,4302.97,NG3
2418895832,4/3/2017,5/3/2017,3333.1,2260.57,NG3
2418895833,5/3/2017,6/2/2017,3332.1,2224.25,NG3
2418895834,6/2/2017,7/3/2017,6159.16,4103.03,NG3
2418895835,7/3/2017,8/2/2017,7432.88,4809.02,NG3
2418895836,8/2/2017,8/31/2017,6273.62,4015.86,NG3
2418895837,8/31/2017,10/2/2017,6799.98,4344.1,NG3
2418895838,10/2/2017,10/31/2017,3662.43,2382.45,NG3
2418895839,10/31/2017,12/1/2017,3962.03,3292.43,NG3
2418895840,12/1/2017,1/3/2018,7663.8,6041.13,NG3
2465678876,1/3/2018,2/1/2018,7088.48,5517.54,NG3
2465682067,2/1/2018,3/5/2018,5949.21,5203.33,NG3
2465688558,3/5/2018,4/4/2018,5529.6,4405.83,NG3
2465776761,4/5/2018,5/3/2018,3890.12,2432.76,NG3
2465815421,5/4/2018,6/4/2018,5262.96,3323.48,NG3
2465836730,6/4/2018,7/3/2018,5863.02,3728.12,NG3
2467091431,7/3/2018,8/2/2018,7187.07,4621.2,NG3
2467091154,8/2/2018,8/31/2018,7245.44,4529.89,NG3
2547759601,9/1/2018,10/2/2018,6829.91,4335.77,NG3
2602816762,10/2/2018,10/31/2018,3870.66,2548.53,NG3
2602952763,10/31/2018,12/3/2018,4665.6,4036.1,NG3
2603019091,12/3/2018,1/3/2019,4798.23,4675.5,NG3
2662514895,1/3/2019,2/1/2019,7138.42,5915.42,NG3
2742710370,2/2/2019,3/5/2019,7385.51,5646.65,NG3
2801040055,3/6/2019,4/3/2019,4698.27,3912.19,NG3
2894157837,4/4/2019,5/3/2019,2990.1,1889.79,NG3
3077611237,5/4/2019,6/4/2019,3975.29,2414.82,NG3
3077728851,6/5/2019,7/2/2019,5515.51,3317.92,NG3
3113808480,7/3/2019,8/2/2019,7349.52,4094.04,NG3
3187425408,8/3/2019,8/30/2019,10915.76,5849.1,NG3
3289420064,8/31/2019,10/1/2019,10562.9,5841.27,NG3
3363441964,10/2/2019,10/30/2019,3756.65,2242.38,NG3
3428322803,10/31/2019,12/3/2019,5146.95,4087.17,NG3
3697911841,12/4/2019,1/2/2020,5682,4340.63,NG3
3890660581,1/3/2020,1/31/2020,5229.17,3924.04,NG3
3890652777,2/1/2020,3/3/2020,6185.42,4049.9,NG3
4608788266,3/3/2020,4/2/2020,3059.13,2480.55,NG3
4608904275,4/2/2020,5/1/2020,2223.82,1207.77,NG3
4609101334,5/1/2020,6/3/2020,2438.39,1338.88,NG3
4609148364,6/3/2020,7/2/2020,5507.33,2777.09,NG3
4610759928,7/2/2020,7/31/2020,7887.51,3702.51,NG3
4611217738,7/31/2020,9/1/2020,7940.06,4059.69,NG3
4611291051,9/1/2020,9/30/2020,5304.34,3156.59,NG3
4611518558,9/30/2020,10/30/2020,1321.38,834.52,NG3
4611645940,10/30/2020,12/1/2020,4136.45,3488.53,NG3
4611811611,12/1/2020,12/31/2020,6510.75,4923.47,NG3
4622141303,12/31/2020,2/2/2021,5966.1,4342.67,NG3
2457907572,12/1/2016,1/3/2017,634.12,592.79,NG4
2458133153,1/3/2017,2/1/2017,2454.65,2584.73,NG4
2458094408,2/1/2017,3/3/2017,955.78,924.48,NG4
2458155841,3/3/2017,4/3/2017,3916.1,3625.84,NG4
2464653774,4/3/2017,5/3/2017,1955.95,1716.69,NG4
2465386734,5/3/2017,6/2/2017,1099.84,958.94,NG4
2465388957,6/2/2017,7/3/2017,62.78,67.3,NG4
2465395260,7/3/2017,8/2/2017,1273.1,1105.45,NG4
2465458115,8/2/2017,8/31/2017,36.55,43.42,NG4
2465534922,8/31/2017,10/2/2017,2390.6,2043.66,NG4
2465544294,10/2/2017,10/31/2017,1613.56,1379.4,NG4
2465550100,10/31/2017,12/1/2017,1599.91,1421.32,NG4
2465559397,12/1/2017,1/3/2018,1191.75,1061.97,NG4
2465681071,1/3/2018,2/1/2018,3028.47,2794.82,NG4
2465688013,2/1/2018,3/5/2018,1356.39,1299.64,NG4
2465833201,3/5/2018,6/4/2018,2299.7,1934.3,NG4
2465837308,6/4/2018,7/3/2018,273.11,241.12,NG4
2466063100,7/3/2018,8/2/2018,452.38,396.27,NG4
2467085587,8/2/2018,8/31/2018,855.78,723.78,NG4
2547724958,9/1/2018,10/2/2018,1497.41,1270.18,NG4
2602747855,10/2/2018,10/31/2018,1683.67,1446.29,NG4
2602824262,10/31/2018,12/3/2018,1553.46,1388.18,NG4
2602981804,12/3/2018,1/3/2019,1077.8,1107.08,NG4
2742621482,1/4/2019,3/5/2019,2498.29,2318.57,NG4
2801030076,3/6/2019,4/3/2019,1309.29,1155.12,NG4
2894113902,4/4/2019,5/3/2019,754.63,626.66,NG4
3077564500,5/4/2019,6/4/2019,2278.34,1828.75,NG4
3077618886,6/5/2019,7/2/2019,502.83,417.69,NG4
3113803840,7/3/2019,8/2/2019,660.45,518.4,NG4
3187401279,8/3/2019,8/30/2019,751.23,576.05,NG4
3289355086,8/31/2019,10/1/2019,1944.64,1499.43,NG4
3363316712,10/2/2019,10/30/2019,1843.34,1550.03,NG4
3428273661,10/31/2019,12/2/2019,1739.3,1480.74,NG4
3697881056,12/3/2019,1/2/2020,1079.89,886.7,NG4
3697945045,1/3/2020,1/31/2020,697.5,552.65,NG4
3890588665,2/1/2020,3/3/2020,1978.2,1548.26,NG4
4608729549,3/3/2020,4/2/2020,854.25,637.98,NG4
4608834305,4/2/2020,5/1/2020,194.33,153.86,NG4
4609083412,5/1/2020,6/3/2020,221.01,175.32,NG4
4609111189,6/3/2020,7/2/2020,195.87,154.91,NG4
4610704634,7/2/2020,7/31/2020,195.49,149.76,NG4
4611139919,7/31/2020,9/1/2020,221.2,176.94,NG4
4611252474,9/1/2020,9/30/2020,198.63,175.33,NG4
4611414113,9/30/2020,10/30/2020,202.81,168.66,NG4
4611562775,10/30/2020,12/1/2020,216.61,199.06,NG4
4611733188,12/1/2020,12/31/2020,185.21,173.53,NG4
4622122079,12/31/2020,2/2/2021,1026.47,909.5,NG4
2458135735,12/1/2016,2/1/2017,139.36,152.12,NG5
2458146201,2/1/2017,3/3/2017,233.43,236.31,NG5
2458155816,3/3/2017,4/3/2017,184.88,174.63,NG5
2464653755,4/3/2017,5/3/2017,180.68,169.81,NG5
2465383508,5/3/2017,6/2/2017,97.79,96.56,NG5
2465383630,6/2/2017,7/3/2017,25.11,34.35,NG5
2465395812,7/3/2017,8/2/2017,28.2,36.6,NG5
2465457563,8/2/2017,8/31/2017,36.55,43.42,NG5
2465533736,8/31/2017,10/2/2017,180.68,165.95,NG5
2465543488,10/2/2017,10/31/2017,167.43,154.28,NG5
2465550064,10/31/2017,12/1/2017,177.19,172.71,NG5
2465558727,12/1/2017,1/3/2018,134.86,136.07,NG5
2465681050,1/3/2018,2/1/2018,80.89,82.84,NG5
2465688010,2/1/2018,3/5/2018,212.4,223.86,NG5
2465688667,3/5/2018,4/4/2018,138.66,135.38,NG5
2465776810,4/4/2018,5/3/2018,173.87,154.22,NG5
2465830811,5/3/2018,6/3/2018,82.91,81.03,NG5
2465837346,6/4/2018,7/3/2018,19.88,28.71,NG5
2466063075,7/3/2018,8/2/2018,19.81,28.83,NG5
2467085628,8/2/2018,8/31/2018,38.57,44.1,NG5
2547726459,9/1/2018,10/2/2018,183.12,165.86,NG5
2602750955,10/2/2018,10/31/2018,176.84,162.68,NG5
2602826489,10/31/2018,12/3/2018,176.67,173.93,NG5
2602982984,12/3/2018,1/3/2019,109.98,127.97,NG5
2662469735,1/3/2019,2/1/2019,46.27,57.59,NG5
2742629247,2/1/2019,3/5/2019,203.99,201.16,NG5
2801031783,3/6/2019,4/3/2019,133.67,133.25,NG5
2894132935,4/4/2019,5/3/2019,156.82,142.47,NG5
3077565276,5/4/2019,6/4/2019,103.9,98.18,NG5
3077628142,6/5/2019,7/2/2019,20.91,32.16,NG5
3113808896,7/3/2019,8/2/2019,20.87,31.34,NG5
3187402075,8/3/2019,8/30/2019,34.43,41.15,NG5
3289355127,8/31/2019,10/1/2019,162.92,139.8,NG5
3363321286,10/2/2019,10/30/2019,151.44,143.57,NG5
3428274614,10/31/2019,12/2/2019,178.42,170.15,NG5
3697881206,12/3/2019,1/2/2020,107.78,106.65,NG5
3697945459,1/3/2020,1/31/2020,51.47,55.79,NG5
3890589527,2/1/2020,3/3/2020,203.59,177.84,NG5
4608730882,3/3/2020,4/2/2020,83.96,79.52,NG5
4608835031,4/2/2020,5/1/2020,34.67,40.77,NG5
4609083453,5/1/2020,6/3/2020,30.38,38.06,NG5
4609112224,6/3/2020,7/2/2020,49.23,51.04,NG5
4610707421,7/2/2020,7/31/2020,96.18,82.04,NG5
4611143327,7/31/2020,9/1/2020,93.9,84.71,NG5
4611255701,9/1/2020,9/30/2020,26.14,37.54,NG5
4611416555,9/30/2020,10/30/2020,29.27,38.6,NG5
4611564985,10/30/2020,12/1/2020,34.53,45.75,NG5
4611736096,12/1/2020,12/31/2020,43.95,54.29,NG5
4622122832,12/31/2020,2/2/2021,68.08,71.79,NG5
2457924395,12/1/2016,1/3/2017,686.33,695.83,NG6
2458136353,1/3/2017,2/1/2017,1975.98,2119.02,NG6
2458147013,2/1/2017,3/3/2017,929.2,944.06,NG6
2458155797,3/3/2017,4/3/2017,1409.1,1329.47,NG6
2464653443,4/3/2017,5/3/2017,229.66,212.51,NG6
2465382536,5/3/2017,6/2/2017,158.99,149.22,NG6
2465382791,6/2/2017,7/3/2017,0,12.39,NG6
2465395874,7/3/2017,8/2/2017,6.4,17.88,NG6
2465457131,8/2/2017,8/31/2017,4.27,16.01,NG6
2465533485,8/31/2017,10/2/2017,16.01,26.04,NG6
2465543259,10/2/2017,10/31/2017,119.73,113.87,NG6
2465550029,10/31/2017,12/1/2017,618.04,597.71,NG6
2465558066,12/1/2017,1/3/2018,2083.7,2051.96,NG6
2465681008,1/3/2018,2/1/2018,1836.23,1761.48,NG6
2465687925,2/1/2018,3/5/2018,1171.98,1218.74,NG6
2465688699,3/5/2018,4/4/2018,939.04,892.41,NG6
2465776925,4/4/2018,5/3/2018,397,337.15,NG6
2465830771,5/3/2018,6/4/2018,130.8,120.91,NG6
2465837378,6/4/2018,7/3/2018,4.28,15.63,NG6
2466050870,7/3/2018,8/2/2018,29.82,37.36,NG6
2547730767,8/2/2018,10/2/2018,54.42,69.59,NG6
2602755005,10/2/2018,10/31/2018,337.82,299.81,NG6
2602830604,10/31/2018,12/3/2018,930.24,892.67,NG6
2602985023,12/3/2018,1/3/2019,1105.4,1224.63,NG6
2662469978,1/3/2019,2/1/2019,1837.99,1896.68,NG6
2742637781,2/1/2019,3/5/2019,972.17,935.63,NG6
2801032297,3/6/2019,4/3/2019,765.58,728.59,NG6
2894141326,4/4/2019,5/3/2019,273.12,236.66,NG6
3077566004,5/4/2019,6/4/2019,149.03,134.17,NG6
3077631851,6/5/2019,7/3/2019,9.61,23.13,NG6
3113803862,7/4/2019,8/2/2019,5.33,19.51,NG6
3187402980,8/3/2019,9/3/2019,3.2,17.86,NG6
3289355785,9/4/2019,10/2/2019,11.74,24.46,NG6
3363331785,10/3/2019,10/31/2019,338.23,312.73,NG6
3428278614,11/1/2019,12/3/2019,289.94,275.99,NG6
3697882014,12/4/2019,1/3/2020,624.33,572.45,NG6
3697946810,1/4/2020,2/3/2020,589.18,521.43,NG6
3890589836,2/4/2020,3/4/2020,454.59,389.86,NG6
4608731102,3/4/2020,4/2/2020,293.77,256.81,NG6
4608837454,4/2/2020,5/4/2020,144.88,131.8,NG6
4609084799,5/4/2020,6/3/2020,80.26,80.82,NG6
4609112619,6/3/2020,7/2/2020,2.14,17.7,NG6
4610710831,7/2/2020,8/3/2020,25.63,34.08,NG6
4611149190,8/3/2020,9/1/2020,1.07,17.52,NG6
4611257038,9/1/2020,10/1/2020,74.76,76.23,NG6
4611419817,10/1/2020,10/30/2020,106.8,104.21,NG6
4611565891,10/30/2020,12/2/2020,290.78,285.48,NG6
4611737809,12/2/2020,1/4/2021,664.95,629.42,NG6
4622123663,1/4/2021,2/4/2021,550.02,503.5,NG6
2457925023,12/1/2016,1/3/2017,7.33,18.68,NG7
2458136487,1/3/2017,2/1/2017,6.3,18.33,NG7
2458147732,2/1/2017,3/3/2017,8.41,19.88,NG7
2458155714,3/3/2017,4/3/2017,1.05,13.31,NG7
2464653427,4/3/2017,5/3/2017,95.59,95.66,NG7
2465381719,5/3/2017,6/2/2017,2.1,14.22,NG7
2465382001,6/2/2017,7/3/2017,0,12.39,NG7
2465397123,7/3/2017,8/2/2017,9.4,20.46,NG7
2465457006,8/2/2017,8/31/2017,1.04,13.28,NG7
2465532276,8/31/2017,10/2/2017,1.04,13.33,NG7
2465542800,10/2/2017,10/31/2017,2.09,14.21,NG7
2465549995,10/31/2017,12/1/2017,0,12.44,NG7
2465558019,12/1/2017,1/3/2018,1.05,13.38,NG7
2465680953,1/3/2018,2/1/2018,4.2,16.81,NG7
2465687852,2/1/2018,3/5/2018,52.57,66.81,NG7
2465688715,3/5/2018,4/4/2018,5.25,17.5,NG7
2465778114,4/4/2018,5/3/2018,10.47,20.63,NG7
2465828743,5/3/2018,6/4/2018,2.1,13.78,NG7
2465837415,6/4/2018,7/3/2018,55.46,58.55,NG7
2466047806,7/3/2018,8/2/2018,8.34,19.11,NG7
2467086460,8/2/2018,8/31/2018,20.85,29.37,NG7
2547734501,9/1/2018,10/2/2018,92.08,89.42,NG7
2602762839,10/2/2018,10/31/2018,19.88,28.97,NG7
2602833100,10/31/2018,12/3/2018,2.09,16.83,NG7
2602987440,12/3/2018,1/3/2019,1.05,15.95,NG7
2662471637,1/3/2019,2/1/2019,4.21,19.22,NG7
2742639641,2/1/2019,3/5/2019,9.46,23.37,NG7
2801032845,3/6/2019,4/3/2019,13.68,26.7,NG7
2894144358,4/3/2019,5/3/2019,3.16,18.01,NG7
3077566549,5/4/2019,6/4/2019,2.1,17.13,NG7
3077636141,6/5/2019,7/3/2019,21.95,32.96,NG7
3113804210,7/4/2019,8/2/2019,18.78,29.75,NG7
3187404363,8/3/2019,11/22/2019,2.09,59.9,NG7
3428284076,11/23/2019,12/3/2019,0,5.82,NG7
3890665874,12/4/2019,1/3/2020,1.05,17,NG7
3697947689,1/4/2020,2/3/2020,5.25,20.19,NG7
3890590792,2/4/2020,3/4/2020,17.84,29.94,NG7
4608732217,3/4/2020,4/2/2020,13.64,26.49,NG7
4608839913,4/2/2020,5/4/2020,9.45,22.92,NG7
4609084501,5/4/2020,6/3/2020,2.1,17.71,NG7
4609113591,6/3/2020,7/2/2020,8.38,22.13,NG7
4610714093,7/2/2020,8/3/2020,12.55,25.1,NG7
4611155176,8/3/2020,9/1/2020,8.35,22.77,NG7
4611260106,9/1/2020,10/1/2020,7.32,22.46,NG7
4611446204,10/1/2020,10/30/2020,6.27,21.36,NG7
4611568659,10/30/2020,12/2/2020,0,16.7,NG7
4611761467,12/2/2020,1/4/2021,1.05,17.5,NG7
4622124792,1/4/2021,2/2/2021,5.24,21.42,NG7
3918521546,12/1/2016,1/3/2017,1737.04,1701.57,NG8
3918521547,1/3/2017,2/1/2017,2494.53,2505.26,NG8
3918521548,2/1/2017,3/3/2017,2192.31,2110.48,NG8
3918521549,3/3/2017,4/3/2017,2683.92,2306.53,NG8
3918521550,4/3/2017,5/3/2017,1069.36,801.09,NG8
3918521551,5/3/2017,6/2/2017,964.2,722.81,NG8
3918521552,6/2/2017,7/3/2017,758.65,602.14,NG8
3918521553,7/3/2017,8/2/2017,960.83,718.68,NG8
3918521554,8/2/2017,8/31/2017,1070.49,777.84,NG8
3918521555,8/31/2017,10/2/2017,1196.86,856.51,NG8
3918521556,10/2/2017,10/31/2017,1196.04,853.16,NG8
3918521557,10/31/2017,12/1/2017,1960.57,1788.04,NG8
3918521558,12/1/2017,1/3/2018,3492.67,3064.33,NG8
3918521559,1/3/2018,2/1/2018,3151.37,2740.08,NG8
3918521560,2/1/2018,3/5/2018,2385.78,2362.38,NG8
3918521561,3/5/2018,4/4/2018,2047.34,1909.54,NG8
3918521562,4/4/2018,5/3/2018,1299.85,885.32,NG8
3918521563,5/3/2018,6/4/2018,964.44,697.79,NG8
3918521564,6/4/2018,7/3/2018,885.26,655.02,NG8
3918521565,7/3/2018,8/2/2018,872.46,656.27,NG8
3918521566,8/2/2018,8/31/2018,986.07,710.42,NG8
3918521567,9/1/2018,10/2/2018,1406.37,978.92,NG8
3918521568,10/2/2018,10/31/2018,1523.57,1069.12,NG8
3918521569,10/31/2018,12/3/2018,2613.49,2376,NG8
3918521570,12/3/2018,1/3/2019,2697.11,2784.02,NG8
3918521571,1/3/2019,2/1/2019,3178.59,2948.74,NG8
3918521572,2/2/2019,3/5/2019,3205.93,2756.03,NG8
3918521573,3/6/2019,4/3/2019,2235.47,2030.96,NG8
3918521574,4/3/2019,5/3/2019,1360.86,932.98,NG8
3918521575,5/4/2019,6/4/2019,1186.92,814.69,NG8
3918521576,6/5/2019,7/2/2019,905.31,656.71,NG8
3918521577,7/3/2019,8/2/2019,842,587.98,NG8
3918521578,8/3/2019,8/30/2019,857.65,583.29,NG8
3918521579,8/31/2019,10/1/2019,1220.89,793.55,NG8
3918521580,10/2/2019,10/30/2019,1261.61,875.37,NG8
3918521581,10/31/2019,12/2/2019,2222.38,1954.92,NG8
3918521582,12/3/2019,1/3/2020,2560.56,2160.46,NG8
3918521583,1/4/2020,1/31/2020,2266.88,1911.15,NG8
3918521584,2/1/2020,3/3/2020,2254.21,1726.46,NG8
4608747331,3/3/2020,4/2/2020,1642.38,1365.9,NG8
4608841756,4/2/2020,5/1/2020,1456.98,889.93,NG8
4609086416,5/1/2020,6/3/2020,1636.07,1000.65,NG8
4609115902,6/3/2020,7/2/2020,1108.17,674,NG8
4610720865,7/2/2020,7/31/2020,760,490.03,NG8
4611168236,7/31/2020,9/1/2020,1156.06,720.21,NG8
4611266805,9/1/2020,9/30/2020,1593.18,1053.81,NG8
4611482020,9/30/2020,10/30/2020,1925.62,1216.97,NG8
4611589002,10/30/2020,12/1/2020,2182.81,1906.21,NG8
4611771054,12/1/2020,12/31/2020,3110.97,2553.12,NG8
4622126266,12/31/2020,2/2/2021,2946.39,2295.58,NG8
2457940160,12/1/2016,1/3/2017,1737.04,1701.57,NG8
2458132830,1/3/2017,2/1/2017,2494.53,2505.26,NG8
2458148032,2/1/2017,3/3/2017,2192.31,2110.48,NG8
2458155586,3/3/2017,4/3/2017,2683.92,2306.53,NG8
2464653372,4/3/2017,5/3/2017,1069.36,801.09,NG8
2465377157,5/3/2017,6/2/2017,964.2,722.81,NG8
2465380614,6/2/2017,7/3/2017,758.65,602.14,NG8
2465398377,7/3/2017,8/2/2017,960.83,718.68,NG8
2465456509,8/2/2017,8/31/2017,1070.49,777.84,NG8
2465530493,8/31/2017,10/2/2017,1196.86,856.51,NG8
2465540111,10/2/2017,10/31/2017,1196.04,853.16,NG8
2465549568,10/31/2017,12/1/2017,1960.57,1788.04,NG8
2465556905,12/1/2017,1/3/2018,3492.67,3064.33,NG8
2465680788,1/3/2018,2/1/2018,3151.37,2740.08,NG8
2465686730,2/1/2018,3/5/2018,2385.78,2362.38,NG8
2465772449,3/5/2018,4/4/2018,2047.34,1909.54,NG8
2465778146,4/4/2018,5/3/2018,1299.85,885.32,NG8
2465836640,5/3/2018,6/4/2018,964.44,697.79,NG8
2465837831,6/4/2018,7/3/2018,885.26,655.02,NG8
2466046756,7/3/2018,8/2/2018,872.46,656.27,NG8
2467087350,8/2/2018,8/31/2018,986.07,710.42,NG8
2547741571,9/1/2018,10/2/2018,1406.37,978.92,NG8
2602773320,10/2/2018,10/31/2018,1523.57,1069.12,NG8
2602847505,10/31/2018,12/3/2018,2613.49,2376,NG8
2602994820,12/3/2018,1/3/2019,2697.11,2784.02,NG8
2662478452,1/3/2019,2/1/2019,3178.59,2948.74,NG8
2742665695,2/2/2019,3/5/2019,3205.93,2756.03,NG8
2801034317,3/6/2019,4/3/2019,2235.47,2030.96,NG8
2894154468,4/3/2019,5/3/2019,1360.86,932.98,NG8
3077568970,5/4/2019,6/4/2019,1186.92,814.69,NG8
3077670859,6/5/2019,7/2/2019,905.31,656.71,NG8
3113805283,7/3/2019,8/2/2019,842,587.98,NG8
3187407179,8/3/2019,8/30/2019,857.65,583.29,NG8
3289409050,8/31/2019,10/1/2019,1220.89,793.55,NG8
3363399031,10/2/2019,10/30/2019,1261.61,875.37,NG8
3428291926,10/31/2019,12/2/2019,2222.38,1954.92,NG8
3697902908,12/3/2019,1/3/2020,2560.56,2160.46,NG8
3697985225,1/4/2020,1/31/2020,2266.88,1911.15,NG8
3890604122,2/1/2020,3/3/2020,2254.21,1726.46,NG8
2457961065,12/1/2016,1/3/2017,153.82,148.74,NG9
2458105300,1/3/2017,2/1/2017,177.36,186.75,NG9
2458148086,2/1/2017,3/3/2017,220.81,218.65,NG9
2458155280,3/3/2017,4/3/2017,190.13,174.43,NG9
2464653366,4/3/2017,5/3/2017,171.22,161.58,NG9
2465375053,5/3/2017,6/2/2017,121.97,117.37,NG9
2465375151,6/2/2017,7/3/2017,80.57,82.86,NG9
2465398881,7/3/2017,8/2/2017,85.64,85.91,NG9
2465455954,8/2/2017,8/31/2017,76.24,77.12,NG9
2465528457,8/31/2017,10/2/2017,193.21,176.58,NG9
2465539705,10/2/2017,10/31/2017,178.94,164.03,NG9
2465549466,10/31/2017,12/1/2017,199.2,188.8,NG9
2465556249,12/1/2017,1/3/2018,178.76,174.18,NG9
2465680757,1/3/2018,2/1/2018,121.85,117.4,NG9
2465685450,2/1/2018,3/5/2018,239.74,246.88,NG9
2465773389,3/5/2018,4/4/2018,171.22,161.28,NG9
2465778156,4/4/2018,5/3/2018,195.87,172.44,NG9
2465836665,5/3/2018,6/4/2018,131.18,121.23,NG9
2465837882,6/4/2018,7/3/2018,80.57,79.62,NG9
2466046739,7/3/2018,8/2/2018,88.6,87.28,NG9
2467087489,8/2/2018,8/31/2018,103.19,97.86,NG9
2547742114,9/1/2018,10/2/2018,146.5,135.16,NG9
2602775335,10/2/2018,10/31/2018,178.94,164.46,NG9
2602849426,10/31/2018,12/3/2018,193.4,184.96,NG9
2602995854,12/3/2018,1/3/2019,150.83,168.16,NG9
2662482238,1/3/2019,2/1/2019,121.97,129.01,NG9
2742672180,2/2/2019,3/5/2019,200.83,193.45,NG9
2801034460,3/6/2019,4/3/2019,150.51,144.67,NG9
2894154986,4/4/2019,5/3/2019,170.5,153.54,NG9
3077569295,5/4/2019,6/4/2019,139.58,126.63,NG9
3077679325,6/5/2019,7/3/2019,77.36,77.23,NG9
3113805387,7/4/2019,8/2/2019,84.26,78.22,NG9
3187408113,8/3/2019,9/3/2019,129.38,112.21,NG9
3289409235,9/4/2019,10/2/2019,82.51,78.57,NG9
3363399314,10/3/2019,10/31/2019,156.66,145.21,NG9
3428294582,11/1/2019,12/3/2019,193.02,179.97,NG9
3697904425,12/4/2019,1/3/2020,128.71,122.05,NG9
3697986014,1/4/2020,2/3/2020,105.05,97.42,NG9
3890640682,2/4/2020,3/4/2020,207.79,178.63,NG9
4608748947,3/4/2020,4/2/2020,114.39,101.75,NG9
4608842796,4/2/2020,5/4/2020,75.63,69.86,NG9
4609085962,5/4/2020,6/3/2020,64.94,62.95,NG9
4609117790,6/3/2020,7/2/2020,149.78,122.27,NG9
4610721905,7/2/2020,8/3/2020,168.31,131.93,NG9
4611169701,8/3/2020,9/1/2020,88.69,80.95,NG9
4611267785,9/1/2020,10/1/2020,111.86,105.81,NG9
4611499452,10/1/2020,10/30/2020,114.99,102.85,NG9
4611775749,10/30/2020,1/4/2021,40.81,68.19,NG9
4622126783,1/4/2021,2/2/2021,98.46,96.21,NG9
